Date,Order,Year,Month,Day,DayName,Code,Name,Open,High,Low,Close,Future,Observe,Days,Price,TFARCH,TFBS,BS_L,BS_U,ARCH_L,ARCH_U
2023-11-17,0,2023,11,17,Friday,450080,에코프로머티,43000.0,65800.0,42950.0,57200.0,False,,,,,,,,,
2023-11-20,1,2023,11,20,Monday,450080,에코프로머티,66000.0,74300.0,61500.0,74300.0,False,,,,,,,,,
2023-11-21,2,2023,11,21,Tuesday,450080,에코프로머티,85300.0,96500.0,83400.0,96500.0,False,,,,,,,,,
2023-11-22,3,2023,11,22,Wednesday,450080,에코프로머티,96300.0,108500.0,88200.0,91200.0,False,,,,,,,,,
2023-11-23,4,2023,11,23,Thursday,450080,에코프로머티,90900.0,101600.0,88900.0,99100.0,False,,,,,,,,,
2023-11-24,5,2023,11,24,Friday,450080,에코프로머티,98500.0,102000.0,95000.0,99100.0,False,,,,,,,,,
2023-11-27,6,2023,11,27,Monday,450080,에코프로머티,103900.0,128800.0,102200.0,124600.0,False,,,,,,,,,
2023-11-28,7,2023,11,28,Tuesday,450080,에코프로머티,122300.0,134100.0,110500.0,133000.0,False,,,,,,,,,
2023-11-29,8,2023,11,29,Wednesday,450080,에코프로머티,129900.0,151200.0,126500.0,136500.0,False,,,,,,,,,
2023-11-30,9,2023,11,30,Thursday,450080,에코프로머티,137200.0,144300.0,132300.0,137000.0,False,,,,,,,,,
2023-12-01,10,2023,12,1,Friday,450080,에코프로머티,137000.0,138900.0,129000.0,136400.0,False,,,,,,,,,
2023-12-04,11,2023,12,4,Monday,450080,에코프로머티,145200.0,154000.0,136400.0,137500.0,False,,,,,,,,,
2023-12-05,12,2023,12,5,Tuesday,450080,에코프로머티,137500.0,140200.0,127500.0,131800.0,False,,,,,,,,,
2023-12-06,13,2023,12,6,Wednesday,450080,에코프로머티,129500.0,132000.0,119700.0,121700.0,False,,,,,,,,,
2023-12-07,14,2023,12,7,Thursday,450080,에코프로머티,122500.0,129900.0,111100.0,127000.0,False,,,,,,,,,
2023-12-08,15,2023,12,8,Friday,450080,에코프로머티,126900.0,137500.0,121000.0,134400.0,False,,,,,,,,,
2023-12-11,16,2023,12,11,Monday,450080,에코프로머티,143100.0,145000.0,136800.0,140200.0,False,,,,,,,,,
2023-12-12,17,2023,12,12,Tuesday,450080,에코프로머티,136300.0,142700.0,134000.0,140400.0,False,,,,,,,,,
2023-12-13,18,2023,12,13,Wednesday,450080,에코프로머티,138300.0,141900.0,137300.0,140500.0,False,,,,,,,,,
2023-12-14,19,2023,12,14,Thursday,450080,에코프로머티,141700.0,142600.0,135000.0,140500.0,False,,,,,,,,,
2023-12-15,20,2023,12,15,Friday,450080,에코프로머티,144200.0,174700.0,142200.0,169000.0,False,,,,,,,,,
2023-12-18,21,2023,12,18,Monday,450080,에코프로머티,171100.0,219000.0,170000.0,213000.0,False,,,,,,,,,
2023-12-19,22,2023,12,19,Tuesday,450080,에코프로머티,215500.0,223000.0,197900.0,205500.0,False,,,,,,,,,
2023-12-20,23,2023,12,20,Wednesday,450080,에코프로머티,201000.0,208500.0,194300.0,205000.0,False,,,,,,,,,
2023-12-21,24,2023,12,21,Thursday,450080,에코프로머티,198000.0,204500.0,196000.0,198900.0,False,,,,,,,,,
2023-12-22,25,2023,12,22,Friday,450080,에코프로머티,184700.0,199900.0,184600.0,188500.0,False,,,,,,,,,
2023-12-25,26,2023,12,25,Monday,450080,에코프로머티,187800.0,190800.0,175000.0,175800.0,False,,,,,,,,,
2023-12-26,27,2023,12,26,Tuesday,450080,에코프로머티,187800.0,190800.0,175000.0,175800.0,False,,,,,,,,,
2023-12-27,28,2023,12,27,Wednesday,450080,에코프로머티,175000.0,178000.0,159700.0,171600.0,False,,,,,,,,,
2023-12-28,29,2023,12,28,Thursday,450080,에코프로머티,170000.0,197000.0,165700.0,188500.0,False,,,,,,,,,
2023-12-29,30,2023,12,29,Friday,450080,에코프로머티,192400.0,202000.0,192200.0,199900.0,False,,,,,,,,,
2024-01-01,31,2024,1,1,Monday,450080,에코프로머티,192400.0,202000.0,192200.0,199900.0,False,,,,,,,,,
2024-01-02,32,2024,1,2,Tuesday,450080,에코프로머티,192400.0,202000.0,192200.0,199900.0,False,,,,,,,,,
2024-01-03,33,2024,1,3,Wednesday,450080,에코프로머티,197200.0,209000.0,194700.0,206000.0,False,,,,,,,,,
2024-01-04,34,2024,1,4,Thursday,450080,에코프로머티,201000.0,213500.0,199800.0,213000.0,False,,,,,,,,,
2024-01-05,35,2024,1,5,Friday,450080,에코프로머티,220000.0,241000.0,198500.0,201000.0,False,,,,,,,,,
2024-01-08,36,2024,1,8,Monday,450080,에코프로머티,196000.0,218000.0,194000.0,216000.0,False,,,,,,,,,
2024-01-09,37,2024,1,9,Tuesday,450080,에코프로머티,219000.0,230000.0,211000.0,220500.0,False,,,,,,,,,
2024-01-10,38,2024,1,10,Wednesday,450080,에코프로머티,221000.0,240000.0,219000.0,240000.0,False,,,,,,,,,
2024-01-11,39,2024,1,11,Thursday,450080,에코프로머티,242000.0,244000.0,220500.0,231000.0,False,,,,,,,,,
2024-01-12,40,2024,1,12,Friday,450080,에코프로머티,227500.0,235000.0,224500.0,230500.0,False,,,,,,,,,
2024-01-15,41,2024,1,15,Monday,450080,에코프로머티,225000.0,228000.0,212500.0,216500.0,False,,,,,,,,,
2024-01-16,42,2024,1,16,Tuesday,450080,에코프로머티,211000.0,228500.0,208000.0,223500.0,False,,,,,,,,,
2024-01-17,43,2024,1,17,Wednesday,450080,에코프로머티,222500.0,230000.0,217500.0,226500.0,False,,,,,,,,,
2024-01-18,44,2024,1,18,Thursday,450080,에코프로머티,224500.0,228500.0,213500.0,215500.0,False,,,,,,,,,
2024-01-19,45,2024,1,19,Friday,450080,에코프로머티,214500.0,221500.0,202000.0,216500.0,False,,,,,,,,,
2024-01-22,46,2024,1,22,Monday,450080,에코프로머티,212000.0,214500.0,190800.0,192000.0,False,,,,,,,,,
2024-01-23,47,2024,1,23,Tuesday,450080,에코프로머티,185000.0,192700.0,169100.0,170000.0,False,,,,,,,,,
2024-01-24,48,2024,1,24,Wednesday,450080,에코프로머티,175500.0,187900.0,170100.0,173000.0,False,,,,,,,,,
2024-01-25,49,2024,1,25,Thursday,450080,에코프로머티,167100.0,168900.0,155200.0,157100.0,False,,,,,,,,,
2024-01-26,50,2024,1,26,Friday,450080,에코프로머티,152800.0,165700.0,145100.0,159700.0,False,,,,,,,,,
2024-01-29,51,2024,1,29,Monday,450080,에코프로머티,162000.0,164500.0,142500.0,144300.0,False,,,,,,,,,
2024-01-30,52,2024,1,30,Tuesday,450080,에코프로머티,148900.0,160800.0,143600.0,145100.0,False,,,,,,,,,
2024-01-31,53,2024,1,31,Wednesday,450080,에코프로머티,145400.0,153700.0,144500.0,149400.0,False,,,,,,,,,
2024-02-01,54,2024,2,1,Thursday,450080,에코프로머티,147000.0,174000.0,144600.0,173600.0,False,,,,,,,,,
2024-02-02,55,2024,2,2,Friday,450080,에코프로머티,176900.0,181500.0,169300.0,176000.0,False,,,,,,,,,
2024-02-05,56,2024,2,5,Monday,450080,에코프로머티,170300.0,174000.0,164000.0,165200.0,False,,,,,,,,,
2024-02-06,57,2024,2,6,Tuesday,450080,에코프로머티,160400.0,166600.0,150700.0,159200.0,False,,,,,,,,,
2024-02-07,58,2024,2,7,Wednesday,450080,에코프로머티,163000.0,177700.0,163000.0,165500.0,False,,,,,,,,,
2024-02-08,59,2024,2,8,Thursday,450080,에코프로머티,169400.0,175300.0,163000.0,171900.0,False,,,,,,,,,
2024-02-09,60,2024,2,9,Friday,450080,에코프로머티,180000.0,209500.0,179300.0,209500.0,False,,,,,,,,,
2024-02-12,61,2024,2,12,Monday,450080,에코프로머티,180000.0,209500.0,179300.0,209500.0,False,,,,,,,,,
2024-02-13,62,2024,2,13,Tuesday,450080,에코프로머티,180000.0,209500.0,179300.0,209500.0,False,,,,,,,,,
2024-02-14,63,2024,2,14,Wednesday,450080,에코프로머티,202500.0,211500.0,193100.0,200000.0,False,,,,,,,,,
2024-02-15,64,2024,2,15,Thursday,450080,에코프로머티,199700.0,206000.0,194500.0,200500.0,False,,,,,,,,,
2024-02-16,65,2024,2,16,Friday,450080,에코프로머티,205000.0,205500.0,198000.0,198600.0,False,,,,,,,,,
2024-02-19,66,2024,2,19,Monday,450080,에코프로머티,190300.0,199900.0,187000.0,187600.0,False,,,,,,,,,
2024-02-20,67,2024,2,20,Tuesday,450080,에코프로머티,183200.0,192500.0,176800.0,190400.0,False,,,,,,,,,
2024-02-21,68,2024,2,21,Wednesday,450080,에코프로머티,187100.0,194500.0,183100.0,188100.0,False,,,,,,,,,
2024-02-22,69,2024,2,22,Thursday,450080,에코프로머티,192600.0,202500.0,190700.0,194900.0,False,,,,,,,,,
2024-02-23,70,2024,2,23,Friday,450080,에코프로머티,196000.0,202500.0,190300.0,202000.0,False,,,,,,,,,
2024-02-26,71,2024,2,26,Monday,450080,에코프로머티,204000.0,209500.0,190400.0,190600.0,False,,,,,,,,,
2024-02-27,72,2024,2,27,Tuesday,450080,에코프로머티,189200.0,197200.0,183900.0,191000.0,False,,,,,,,,,
2024-02-28,73,2024,2,28,Wednesday,450080,에코프로머티,194400.0,196800.0,186000.0,189400.0,False,,,,,,,,,
2024-02-29,74,2024,2,29,Thursday,450080,에코프로머티,194600.0,196200.0,186400.0,193100.0,False,,,,,,,,,
2024-03-01,75,2024,3,1,Friday,450080,에코프로머티,190000.0,191500.0,180200.0,180700.0,False,,,,,,,,,
2024-03-04,76,2024,3,4,Monday,450080,에코프로머티,190000.0,191500.0,180200.0,180700.0,False,,,,,,,,,
2024-03-05,77,2024,3,5,Tuesday,450080,에코프로머티,173400.0,178900.0,167400.0,167500.0,False,,,,,,,,,
2024-03-06,78,2024,3,6,Wednesday,450080,에코프로머티,167400.0,172700.0,162100.0,162300.0,False,,,,,,,,,
2024-03-07,79,2024,3,7,Thursday,450080,에코프로머티,162300.0,164100.0,159200.0,163000.0,False,,,,,,,,,
2024-03-08,80,2024,3,8,Friday,450080,에코프로머티,163400.0,164800.0,153500.0,156300.0,False,,,,,,,,,
2024-03-11,81,2024,3,11,Monday,450080,에코프로머티,156300.0,162000.0,152000.0,156800.0,False,,,,,,,,,
2024-03-12,82,2024,3,12,Tuesday,450080,에코프로머티,159500.0,163800.0,158100.0,160700.0,False,,,,,,,,,
2024-03-13,83,2024,3,13,Wednesday,450080,에코프로머티,160800.0,161000.0,156900.0,157700.0,False,,,,,,,,,
2024-03-14,84,2024,3,14,Thursday,450080,에코프로머티,154600.0,154800.0,152000.0,154200.0,False,,,,,,,,,
2024-03-15,85,2024,3,15,Friday,450080,에코프로머티,151900.0,153100.0,149300.0,150200.0,False,,,,,,,,,
2024-03-18,86,2024,3,18,Monday,450080,에코프로머티,150900.0,153000.0,149000.0,151800.0,False,,,,,,,,,
2024-03-19,87,2024,3,19,Tuesday,450080,에코프로머티,154600.0,156200.0,150300.0,152100.0,False,,,,,,,,,
2024-03-20,88,2024,3,20,Wednesday,450080,에코프로머티,152000.0,153000.0,149600.0,149700.0,False,,,,,,,,,
2024-03-21,89,2024,3,21,Thursday,450080,에코프로머티,151300.0,151800.0,149100.0,150700.0,False,,,,,,,,,
2024-03-22,90,2024,3,22,Friday,450080,에코프로머티,150500.0,151400.0,149300.0,149800.0,False,,,,,,,,,
2024-03-25,91,2024,3,25,Monday,450080,에코프로머티,149100.0,149200.0,144300.0,145300.0,False,,,,,,,,,
2024-03-26,92,2024,3,26,Tuesday,450080,에코프로머티,145200.0,149800.0,140500.0,141200.0,False,,,,,,,,,
2024-03-27,93,2024,3,27,Wednesday,450080,에코프로머티,142800.0,145700.0,135100.0,139200.0,False,,,,,,,,,
2024-03-28,94,2024,3,28,Thursday,450080,에코프로머티,139200.0,139900.0,133100.0,133600.0,False,,,,,,,,,
2024-03-29,95,2024,3,29,Friday,450080,에코프로머티,132600.0,134600.0,129200.0,130800.0,False,,,,,,,,,
2024-04-01,96,2024,4,1,Monday,450080,에코프로머티,130000.0,134300.0,127900.0,131500.0,False,,,,,,,,,
2024-04-02,97,2024,4,2,Tuesday,450080,에코프로머티,129900.0,131400.0,123000.0,123500.0,False,,,,,,,,,
2024-04-03,98,2024,4,3,Wednesday,450080,에코프로머티,120500.0,122700.0,117600.0,118700.0,False,,,,,,,,,
2024-04-04,99,2024,4,4,Thursday,450080,에코프로머티,119700.0,127900.0,118700.0,119100.0,False,,,,,,,,,
2024-04-05,100,2024,4,5,Friday,450080,에코프로머티,120600.0,125500.0,115900.0,117500.0,False,,,,,,,,,
2024-04-08,101,2024,4,8,Monday,450080,에코프로머티,115900.0,118700.0,112100.0,117600.0,False,,,,,,,,,
2024-04-09,102,2024,4,9,Tuesday,450080,에코프로머티,120400.0,134100.0,120300.0,122800.0,False,,,,,,,,,
2024-04-10,103,2024,4,10,Wednesday,450080,에코프로머티,120000.0,124300.0,118000.0,119500.0,False,,,,,,,,,
2024-04-11,104,2024,4,11,Thursday,450080,에코프로머티,120000.0,124300.0,118000.0,119500.0,False,,,,,,,,,
2024-04-12,105,2024,4,12,Friday,450080,에코프로머티,120800.0,122600.0,114700.0,114700.0,False,,,,,,,,,
2024-04-15,106,2024,4,15,Monday,450080,에코프로머티,111000.0,115500.0,110500.0,113400.0,False,,,,,,,,,
2024-04-16,107,2024,4,16,Tuesday,450080,에코프로머티,110900.0,111900.0,107900.0,108200.0,False,,,,,,,,,
2024-04-17,108,2024,4,17,Wednesday,450080,에코프로머티,108300.0,110200.0,103800.0,104200.0,False,,,,,,,,,
2024-04-18,109,2024,4,18,Thursday,450080,에코프로머티,105000.0,112100.0,104600.0,111000.0,False,,,,,,,,,
2024-04-19,110,2024,4,19,Friday,450080,에코프로머티,109900.0,111600.0,105600.0,108300.0,False,,,,,,,,,
2024-04-22,111,2024,4,22,Monday,450080,에코프로머티,110400.0,118900.0,109600.0,118200.0,False,,,,,,,,,
2024-04-23,112,2024,4,23,Tuesday,450080,에코프로머티,117300.0,118700.0,112000.0,112600.0,False,,,,,,,,,
2024-04-24,113,2024,4,24,Wednesday,450080,에코프로머티,119400.0,123600.0,115600.0,122200.0,False,,,,,,,,,
2024-04-25,114,2024,4,25,Thursday,450080,에코프로머티,123100.0,124800.0,114600.0,114600.0,False,,,,,,,,,
2024-04-26,115,2024,4,26,Friday,450080,에코프로머티,116300.0,118700.0,113000.0,117700.0,False,,,,,,,,,
2024-04-29,116,2024,4,29,Monday,450080,에코프로머티,116700.0,122400.0,115700.0,121800.0,False,,,,,,,,,
2024-04-30,117,2024,4,30,Tuesday,450080,에코프로머티,125600.0,126200.0,117100.0,117400.0,False,,,,,,,,,
2024-05-01,118,2024,5,1,Wednesday,450080,에코프로머티,117200.0,117200.0,112600.0,114800.0,False,,,,,,,,,
2024-05-02,119,2024,5,2,Thursday,450080,에코프로머티,117200.0,117200.0,112600.0,114800.0,False,,,,,,,,,
2024-05-03,120,2024,5,3,Friday,450080,에코프로머티,114000.0,115600.0,109300.0,109800.0,False,,,,,,,,,
2024-05-06,121,2024,5,6,Monday,450080,에코프로머티,110700.0,111200.0,107200.0,108300.0,False,,,,,,,,,
2024-05-07,122,2024,5,7,Tuesday,450080,에코프로머티,110700.0,111200.0,107200.0,108300.0,False,,,,,,,,,
2024-05-08,123,2024,5,8,Wednesday,450080,에코프로머티,107600.0,108100.0,103900.0,106700.0,False,,,,,,,,,
2024-05-09,124,2024,5,9,Thursday,450080,에코프로머티,106000.0,106300.0,103000.0,103200.0,False,,,,,,,,,
2024-05-10,125,2024,5,10,Friday,450080,에코프로머티,103200.0,105000.0,101000.0,101000.0,False,,,,,,,,,
2024-05-13,126,2024,5,13,Monday,450080,에코프로머티,99900.0,100500.0,96900.0,97100.0,False,,,,,,,,,
2024-05-14,127,2024,5,14,Tuesday,450080,에코프로머티,96900.0,98600.0,95400.0,97200.0,False,,,,,,,,,
2024-05-15,128,2024,5,15,Wednesday,450080,에코프로머티,98300.0,100500.0,95600.0,96900.0,False,,,,,,,,,
2024-05-16,129,2024,5,16,Thursday,450080,에코프로머티,98300.0,100500.0,95600.0,96900.0,False,,,,,,,,,
2024-05-17,130,2024,5,17,Friday,450080,에코프로머티,96400.0,106000.0,95000.0,98300.0,False,,,,,,,,,
2024-05-20,131,2024,5,20,Monday,450080,에코프로머티,99600.0,106600.0,99200.0,103000.0,False,,,,,,,,,
2024-05-21,132,2024,5,21,Tuesday,450080,에코프로머티,97000.0,97000.0,90100.0,90100.0,False,,,,,,,,,
2024-05-22,133,2024,5,22,Wednesday,450080,에코프로머티,91900.0,92200.0,85200.0,85500.0,False,,,,,,,,,
2024-05-23,134,2024,5,23,Thursday,450080,에코프로머티,85200.0,86800.0,84000.0,84900.0,False,,,,,,,,,
2024-05-24,135,2024,5,24,Friday,450080,에코프로머티,83500.0,85400.0,82400.0,83300.0,False,,,,,,,,,
2024-05-27,136,2024,5,27,Monday,450080,에코프로머티,83900.0,85000.0,80500.0,84800.0,False,,,,,,,,,
2024-05-28,137,2024,5,28,Tuesday,450080,에코프로머티,84800.0,85000.0,82500.0,82700.0,False,,,,,,,,,
2024-05-29,138,2024,5,29,Wednesday,450080,에코프로머티,81700.0,82100.0,79100.0,79500.0,False,,,,,,,,,
2024-05-30,139,2024,5,30,Thursday,450080,에코프로머티,78700.0,81300.0,76900.0,78000.0,False,,,,,,,,,
2024-05-31,140,2024,5,31,Friday,450080,에코프로머티,78300.0,80200.0,75500.0,79400.0,False,,,,,,,,,
2024-06-03,141,2024,6,3,Monday,450080,에코프로머티,79400.0,81300.0,78000.0,79200.0,False,,,,,,,,,
2024-06-04,142,2024,6,4,Tuesday,450080,에코프로머티,78600.0,84800.0,78600.0,83800.0,False,,,,,,,,,
2024-06-05,143,2024,6,5,Wednesday,450080,에코프로머티,85000.0,99400.0,84000.0,95500.0,False,,,,,,,,,
2024-06-06,144,2024,6,6,Thursday,450080,에코프로머티,101900.0,124100.0,98600.0,124100.0,False,,,,,,,,,
2024-06-07,145,2024,6,7,Friday,450080,에코프로머티,101900.0,124100.0,98600.0,124100.0,False,,,,,,,,,
2024-06-10,146,2024,6,10,Monday,450080,에코프로머티,127300.0,137800.0,120700.0,127000.0,False,,,,,,,,,
2024-06-11,147,2024,6,11,Tuesday,450080,에코프로머티,130100.0,136700.0,128000.0,131800.0,False,,,,,,,,,
2024-06-12,148,2024,6,12,Wednesday,450080,에코프로머티,127800.0,134700.0,127300.0,133000.0,False,,,,,,,,,
2024-06-13,149,2024,6,13,Thursday,450080,에코프로머티,138000.0,138000.0,128500.0,133500.0,False,,,,,,,,,
2024-06-14,150,2024,6,14,Friday,450080,에코프로머티,122400.0,123600.0,111200.0,112200.0,False,,,,,,,,,
2024-06-17,151,2024,6,17,Monday,450080,에코프로머티,108500.0,113300.0,106000.0,109500.0,False,,,,,,,,,
2024-06-18,152,2024,6,18,Tuesday,450080,에코프로머티,109100.0,112100.0,101000.0,102700.0,False,,,,,,,,,
2024-06-19,153,2024,6,19,Wednesday,450080,에코프로머티,102000.0,110500.0,101100.0,108300.0,False,,,,,,,,,
2024-06-20,154,2024,6,20,Thursday,450080,에코프로머티,107100.0,109000.0,102100.0,102800.0,False,,,,,,,,,
2024-06-21,155,2024,6,21,Friday,450080,에코프로머티,101300.0,103000.0,96500.0,98100.0,False,,,,,,,,,
2024-06-24,156,2024,6,24,Monday,450080,에코프로머티,97300.0,99700.0,93700.0,95200.0,False,,,,,,,,,
2024-06-25,157,2024,6,25,Tuesday,450080,에코프로머티,95500.0,96500.0,91000.0,91100.0,False,,,,,,,,,
2024-06-26,158,2024,6,26,Wednesday,450080,에코프로머티,92300.0,93400.0,89100.0,91300.0,False,,,,,,,,,
2024-06-27,159,2024,6,27,Thursday,450080,에코프로머티,93000.0,96700.0,90200.0,91100.0,False,,,,,,,,,
2024-06-28,160,2024,6,28,Friday,450080,에코프로머티,91000.0,96000.0,89700.0,90900.0,False,,,,,,,,,
2024-07-01,161,2024,7,1,Monday,450080,에코프로머티,91800.0,98300.0,90400.0,97200.0,False,,,,,,,,,
2024-07-02,162,2024,7,2,Tuesday,450080,에코프로머티,98800.0,99700.0,92700.0,92700.0,False,,,,,,,,,
2024-07-03,163,2024,7,3,Wednesday,450080,에코프로머티,96900.0,108900.0,96300.0,99400.0,False,,,,,,,,,
2024-07-04,164,2024,7,4,Thursday,450080,에코프로머티,104000.0,105800.0,98500.0,100000.0,False,,,,,,,,,
2024-07-05,165,2024,7,5,Friday,450080,에코프로머티,100300.0,100500.0,96800.0,97900.0,False,,,,,,,,,
2024-07-08,166,2024,7,8,Monday,450080,에코프로머티,97500.0,104400.0,96700.0,100900.0,False,,,,,,,,,
2024-07-09,167,2024,7,9,Tuesday,450080,에코프로머티,102300.0,103000.0,99800.0,102300.0,False,,,,,,,,,
2024-07-10,168,2024,7,10,Wednesday,450080,에코프로머티,103100.0,104800.0,99500.0,99600.0,False,,,,,,,,,
2024-07-11,169,2024,7,11,Thursday,450080,에코프로머티,100300.0,109000.0,99500.0,106900.0,False,,,,,,,,,
2024-07-12,170,2024,7,12,Friday,450080,에코프로머티,104100.0,106000.0,101300.0,102000.0,False,,,,,,,,,
2024-07-15,171,2024,7,15,Monday,450080,에코프로머티,102400.0,102900.0,98200.0,101600.0,False,,,,,,,,,
2024-07-16,172,2024,7,16,Tuesday,450080,에코프로머티,100300.0,100900.0,93700.0,93800.0,False,,,,,,,,,
2024-07-17,173,2024,7,17,Wednesday,450080,에코프로머티,93600.0,95800.0,91600.0,92500.0,False,,,,,,,,,
2024-07-18,174,2024,7,18,Thursday,450080,에코프로머티,90000.0,96000.0,90000.0,93400.0,False,,,,,,,,,
2024-07-19,175,2024,7,19,Friday,450080,에코프로머티,94700.0,96900.0,93600.0,96900.0,False,,,,,,,,,
2024-07-22,176,2024,7,22,Monday,450080,에코프로머티,96000.0,96600.0,90000.0,90000.0,False,,,,,,,,,
2024-07-23,177,2024,7,23,Tuesday,450080,에코프로머티,91500.0,92200.0,88500.0,89300.0,False,,,,,,,,,
2024-07-24,178,2024,7,24,Wednesday,450080,에코프로머티,88400.0,91300.0,86100.0,86100.0,False,,,,,,,,,
2024-07-25,179,2024,7,25,Thursday,450080,에코프로머티,83200.0,87600.0,82000.0,85800.0,False,,,,,,,,,
2024-07-26,180,2024,7,26,Friday,450080,에코프로머티,85600.0,86600.0,82500.0,82900.0,False,,,,,,,,,
2024-07-29,181,2024,7,29,Monday,450080,에코프로머티,82000.0,83800.0,81600.0,83100.0,False,,,,,,,,,
2024-07-30,182,2024,7,30,Tuesday,450080,에코프로머티,83400.0,88000.0,82400.0,84800.0,False,,,,,,,,,
2024-07-31,183,2024,7,31,Wednesday,450080,에코프로머티,83800.0,84200.0,80700.0,81000.0,False,,,,,,,,,
2024-08-01,184,2024,8,1,Thursday,450080,에코프로머티,81900.0,88500.0,78600.0,86400.0,False,,,,,,,,,
2024-08-02,185,2024,8,2,Friday,450080,에코프로머티,82200.0,87900.0,82200.0,83600.0,False,,,,,,,,,
2024-08-05,186,2024,8,5,Monday,450080,에코프로머티,82600.0,83800.0,70100.0,72300.0,False,,,,,,,,,
2024-08-06,187,2024,8,6,Tuesday,450080,에코프로머티,73100.0,80700.0,73000.0,80200.0,False,,,,,,,,,
2024-08-07,188,2024,8,7,Wednesday,450080,에코프로머티,79000.0,80600.0,77200.0,77300.0,False,,,,,,,,,
2024-08-08,189,2024,8,8,Thursday,450080,에코프로머티,76200.0,78000.0,73100.0,74300.0,False,,,,,,,,,
2024-08-09,190,2024,8,9,Friday,450080,에코프로머티,77000.0,87300.0,76900.0,83300.0,False,,,,,,,,,
2024-08-12,191,2024,8,12,Monday,450080,에코프로머티,84000.0,86800.0,82500.0,85600.0,False,,,,,,,,,
2024-08-13,192,2024,8,13,Tuesday,450080,에코프로머티,84800.0,87800.0,81600.0,83100.0,False,,,,,,,,,
2024-08-14,193,2024,8,14,Wednesday,450080,에코프로머티,85900.0,87000.0,82500.0,83700.0,False,,,,,,,,,
2024-08-15,194,2024,8,15,Thursday,450080,에코프로머티,86500.0,88500.0,83000.0,83000.0,False,,,,,,,,,
2024-08-16,195,2024,8,16,Friday,450080,에코프로머티,86500.0,88500.0,83000.0,83000.0,False,,,,,,,,,
2024-08-19,196,2024,8,19,Monday,450080,에코프로머티,81500.0,82800.0,79000.0,79000.0,False,,,,,,,,,
2024-08-20,197,2024,8,20,Tuesday,450080,에코프로머티,81500.0,81800.0,78700.0,79600.0,False,,,,,,,,,
2024-08-21,198,2024,8,21,Wednesday,450080,에코프로머티,79700.0,82900.0,79100.0,81400.0,False,,,,,,,,,
2024-08-22,199,2024,8,22,Thursday,450080,에코프로머티,82300.0,85400.0,81200.0,82200.0,False,,,,,,,,,
2024-08-23,200,2024,8,23,Friday,450080,에코프로머티,81200.0,81500.0,79500.0,80200.0,False,,,,,,,,,
2024-08-26,201,2024,8,26,Monday,450080,에코프로머티,82000.0,85800.0,81500.0,83600.0,False,,,,,,,,,
2024-08-27,202,2024,8,27,Tuesday,450080,에코프로머티,83700.0,84200.0,80900.0,83600.0,False,,,,,,,,,
2024-08-28,203,2024,8,28,Wednesday,450080,에코프로머티,83600.0,85500.0,82400.0,83500.0,False,,,,,,,,,
2024-08-29,204,2024,8,29,Thursday,450080,에코프로머티,82200.0,93900.0,82000.0,89700.0,False,,,,,,,,,
2024-08-30,205,2024,8,30,Friday,450080,에코프로머티,89900.0,94400.0,88300.0,90800.0,False,,,,,,,,,
2024-09-02,206,2024,9,2,Monday,450080,에코프로머티,92000.0,98400.0,91700.0,95000.0,False,,,,,,,,,
2024-09-03,207,2024,9,3,Tuesday,450080,에코프로머티,96200.0,96200.0,91800.0,92000.0,False,,,,,,,,,
2024-09-04,208,2024,9,4,Wednesday,450080,에코프로머티,87100.0,92600.0,87100.0,89000.0,False,,,,,,,,,
2024-09-05,209,2024,9,5,Thursday,450080,에코프로머티,90100.0,94700.0,88300.0,92600.0,False,,,,,,,,,
2024-09-06,210,2024,9,6,Friday,450080,에코프로머티,94600.0,97400.0,90500.0,90800.0,False,,,,,,,,,
2024-09-09,211,2024,9,9,Monday,450080,에코프로머티,89100.0,97000.0,88300.0,95100.0,False,,,,,,,,,
2024-09-10,212,2024,9,10,Tuesday,450080,에코프로머티,96200.0,97300.0,91700.0,92100.0,False,,,,,,,,,
2024-09-11,213,2024,9,11,Wednesday,450080,에코프로머티,92400.0,95100.0,91300.0,93300.0,False,,,,,,,,,
2024-09-12,214,2024,9,12,Thursday,450080,에코프로머티,95900.0,99600.0,94500.0,99300.0,False,,,,,,,,,
2024-09-13,215,2024,9,13,Friday,450080,에코프로머티,99000.0,105000.0,97600.0,103600.0,False,,,,,,,,,
2024-09-16,216,2024,9,16,Monday,450080,에코프로머티,105000.0,107100.0,102200.0,104200.0,False,,,,,,,,,
2024-09-17,217,2024,9,17,Tuesday,450080,에코프로머티,105000.0,107100.0,102200.0,104200.0,False,,,,,,,,,
2024-09-18,218,2024,9,18,Wednesday,450080,에코프로머티,105000.0,107100.0,102200.0,104200.0,False,,,,,,,,,
2024-09-19,219,2024,9,19,Thursday,450080,에코프로머티,105000.0,107100.0,102200.0,104200.0,False,,,,,,,,,
2024-09-20,220,2024,9,20,Friday,450080,에코프로머티,107400.0,108200.0,104000.0,105300.0,False,,,,,,,,,
2024-09-23,221,2024,9,23,Monday,450080,에코프로머티,105900.0,118400.0,103800.0,116200.0,False,,,,,,,,,
2024-09-24,222,2024,9,24,Tuesday,450080,에코프로머티,117900.0,119400.0,115000.0,117400.0,False,,,,,,,,,
2024-09-25,223,2024,9,25,Wednesday,450080,에코프로머티,118200.0,124500.0,117300.0,119500.0,False,,,,,,,,,
2024-09-26,224,2024,9,26,Thursday,450080,에코프로머티,120000.0,128500.0,119800.0,127800.0,False,,,,,,,,,
2024-09-27,225,2024,9,27,Friday,450080,에코프로머티,128000.0,131900.0,125900.0,130600.0,False,,,,,,,,,
2024-09-30,226,2024,9,30,Monday,450080,에코프로머티,132300.0,144100.0,126300.0,134900.0,False,,,,,,,,,
2024-10-01,227,2024,10,1,Tuesday,450080,에코프로머티,132000.0,139300.0,130800.0,134600.0,False,,,,,,,,,
2024-10-02,228,2024,10,2,Wednesday,450080,에코프로머티,132000.0,139300.0,130800.0,134600.0,False,,,,,,,,,
2024-10-03,229,2024,10,3,Thursday,450080,에코프로머티,134500.0,137300.0,128200.0,129600.0,False,,,,,,,,,
2024-10-04,230,2024,10,4,Friday,450080,에코프로머티,134500.0,137300.0,128200.0,129600.0,False,,,,,,,,,
2024-10-07,231,2024,10,7,Monday,450080,에코프로머티,131700.0,134200.0,126900.0,127300.0,False,,,,,,,,,
2024-10-08,232,2024,10,8,Tuesday,450080,에코프로머티,126200.0,132000.0,126200.0,126900.0,False,,,,,,,,,
2024-10-09,233,2024,10,9,Wednesday,450080,에코프로머티,127600.0,129100.0,122500.0,122500.0,False,,,,,,,,,
2024-10-10,234,2024,10,10,Thursday,450080,에코프로머티,127600.0,129100.0,122500.0,122500.0,False,,,,,,,,,
2024-10-11,235,2024,10,11,Friday,450080,에코프로머티,122000.0,124300.0,117000.0,117600.0,False,,,,,,,,,
2024-10-14,236,2024,10,14,Monday,450080,에코프로머티,116900.0,120100.0,115900.0,117800.0,False,,,,,,,,,
2024-10-15,237,2024,10,15,Tuesday,450080,에코프로머티,119800.0,122500.0,111700.0,112200.0,False,,,,,,,,,
2024-10-16,238,2024,10,16,Wednesday,450080,에코프로머티,113600.0,118300.0,110100.0,115000.0,False,,,,,,,,,
2024-10-17,239,2024,10,17,Thursday,450080,에코프로머티,115900.0,119100.0,113800.0,113800.0,False,,,,,,,,,
2024-10-18,240,2024,10,18,Friday,450080,에코프로머티,113100.0,116700.0,111600.0,116500.0,False,,,,,,,,,
2024-10-21,241,2024,10,21,Monday,450080,에코프로머티,116300.0,118000.0,114700.0,116000.0,False,,,,,,,,,
2024-10-22,242,2024,10,22,Tuesday,450080,에코프로머티,115500.0,115800.0,106600.0,106600.0,False,,,,,,,,,
2024-10-23,243,2024,10,23,Wednesday,450080,에코프로머티,106600.0,113700.0,106500.0,112600.0,False,,,,,,,,,
2024-10-24,244,2024,10,24,Thursday,450080,에코프로머티,117100.0,117100.0,110500.0,110900.0,False,,,,,,,,,
2024-10-25,245,2024,10,25,Friday,450080,에코프로머티,114300.0,115400.0,110000.0,110000.0,False,,,,,,,,,
2024-10-28,246,2024,10,28,Monday,450080,에코프로머티,110000.0,119400.0,110000.0,117700.0,False,,,,,,,,,
2024-10-29,247,2024,10,29,Tuesday,450080,에코프로머티,115800.0,118900.0,112200.0,118900.0,False,,,,,,,,,
2024-10-30,248,2024,10,30,Wednesday,450080,에코프로머티,117100.0,119400.0,114700.0,114800.0,False,,,,,,,,,
2024-10-31,249,2024,10,31,Thursday,450080,에코프로머티,113000.0,116000.0,111500.0,112500.0,False,,,,,,,,,
2024-11-01,250,2024,11,1,Friday,450080,에코프로머티,107600.0,114900.0,107500.0,112100.0,False,,,,,,,,,
2024-11-04,251,2024,11,4,Monday,450080,에코프로머티,113300.0,124300.0,112000.0,123000.0,False,,,,,,,,,
2024-11-05,252,2024,11,5,Tuesday,450080,에코프로머티,121800.0,122900.0,118100.0,118300.0,False,,,,,,,,,
2024-11-06,253,2024,11,6,Wednesday,450080,에코프로머티,120700.0,122200.0,109400.0,110000.0,False,,,,,,,,,
2024-11-07,254,2024,11,7,Thursday,450080,에코프로머티,110600.0,113200.0,105800.0,107800.0,False,,,,,,,,,
2024-11-08,255,2024,11,8,Friday,450080,에코프로머티,109800.0,117100.0,109700.0,114100.0,False,,,,,,,,,
2024-11-11,256,2024,11,11,Monday,450080,에코프로머티,115100.0,116200.0,108200.0,108500.0,False,,,,,,,,,
2024-11-12,257,2024,11,12,Tuesday,450080,에코프로머티,110200.0,118900.0,108300.0,115700.0,False,,,,,,,,,
2024-11-13,258,2024,11,13,Wednesday,450080,에코프로머티,114400.0,116200.0,109200.0,109800.0,False,,,,,,,,,
2024-11-14,259,2024,11,14,Thursday,450080,에코프로머티,112900.0,114400.0,101000.0,105600.0,False,,,,,,,,,
2024-11-15,260,2024,11,15,Friday,450080,에코프로머티,101100.0,102200.0,89700.0,89700.0,False,,,,,,,,,
2024-11-18,261,2024,11,18,Monday,450080,에코프로머티,89700.0,92300.0,87800.0,88800.0,False,,,,,,,,,
2024-11-19,262,2024,11,19,Tuesday,450080,에코프로머티,88000.0,90200.0,86600.0,90200.0,False,,,,,,,,,
2024-11-20,263,2024,11,20,Wednesday,450080,에코프로머티,89000.0,92300.0,87600.0,88000.0,False,,,,,,,,,
2024-11-21,264,2024,11,21,Thursday,450080,에코프로머티,87800.0,91000.0,87400.0,89400.0,False,,,,,,,,,
2024-11-22,265,2024,11,22,Friday,450080,에코프로머티,89400.0,94700.0,89000.0,92800.0,False,,,,,,,,,
2024-11-25,266,2024,11,25,Monday,450080,에코프로머티,94000.0,96300.0,92200.0,95300.0,False,,,,,,,,,
2024-11-26,267,2024,11,26,Tuesday,450080,에코프로머티,96400.0,99000.0,91400.0,91600.0,False,,,,,,,,,
2024-11-27,268,2024,11,27,Wednesday,450080,에코프로머티,94000.0,95000.0,89400.0,90200.0,False,,,,,,,,,
2024-11-28,269,2024,11,28,Thursday,450080,에코프로머티,91100.0,92400.0,89000.0,91100.0,False,,,,,,,,,
2024-11-29,270,2024,11,29,Friday,450080,에코프로머티,90800.0,90800.0,85000.0,85000.0,False,,,,,,,,,
2024-12-02,271,2024,12,2,Monday,450080,에코프로머티,85300.0,87300.0,82200.0,82900.0,False,,,,,,,,,
2024-12-03,272,2024,12,3,Tuesday,450080,에코프로머티,83100.0,84400.0,79500.0,81000.0,False,,,,,,,,,
2024-12-04,273,2024,12,4,Wednesday,450080,에코프로머티,79000.0,81000.0,76900.0,77500.0,False,,,,,,,,,
2024-12-05,274,2024,12,5,Thursday,450080,에코프로머티,78600.0,78800.0,74900.0,75300.0,False,,,,,,,,,
2024-12-06,275,2024,12,6,Friday,450080,에코프로머티,76000.0,79000.0,73300.0,76000.0,False,,,,,,,,,
2024-12-09,276,2024,12,9,Monday,450080,에코프로머티,74500.0,76900.0,72400.0,72400.0,False,,,,,,,,,
2024-12-10,277,2024,12,10,Tuesday,450080,에코프로머티,73200.0,77000.0,72600.0,75900.0,False,,,,,,,,,
2024-12-11,278,2024,12,11,Wednesday,450080,에코프로머티,76700.0,77500.0,75100.0,76000.0,False,,,,,,,,,
2024-12-12,279,2024,12,12,Thursday,450080,에코프로머티,77500.0,78900.0,74900.0,77600.0,False,,,,,,,,,
2024-12-13,280,2024,12,13,Friday,450080,에코프로머티,77100.0,80600.0,75800.0,80600.0,False,,,,,,,,,
2024-12-16,281,2024,12,16,Monday,450080,에코프로머티,81900.0,81900.0,79500.0,81600.0,False,,,,,,,,,
2024-12-17,282,2024,12,17,Tuesday,450080,에코프로머티,81300.0,81300.0,74100.0,76200.0,False,,,,,,,,,
2024-12-18,283,2024,12,18,Wednesday,450080,에코프로머티,75600.0,77600.0,75300.0,76700.0,False,,,,,,,,,
2024-12-19,284,2024,12,19,Thursday,450080,에코프로머티,74000.0,76200.0,72500.0,72800.0,False,,,,,,,,,
2024-12-20,285,2024,12,20,Friday,450080,에코프로머티,73100.0,73400.0,69700.0,70500.0,False,,,,,,,,,
2024-12-23,286,2024,12,23,Monday,450080,에코프로머티,71200.0,72300.0,67800.0,70600.0,False,,,,,,,,,
2024-12-24,287,2024,12,24,Tuesday,450080,에코프로머티,71800.0,73500.0,69400.0,69600.0,False,,,,,,,,,
2024-12-25,288,2024,12,25,Wednesday,450080,에코프로머티,70500.0,70800.0,66300.0,66900.0,False,,,,,,,,,
2024-12-26,289,2024,12,26,Thursday,450080,에코프로머티,70500.0,70800.0,66300.0,66900.0,False,,,,,,,,,
2024-12-27,290,2024,12,27,Friday,450080,에코프로머티,66500.0,67800.0,64900.0,65300.0,False,,,,,,,,,
2024-12-30,291,2024,12,30,Monday,450080,에코프로머티,64700.0,66200.0,64700.0,65800.0,False,,,,,,,,,
2024-12-31,292,2024,12,31,Tuesday,450080,에코프로머티,65900.0,65900.0,61800.0,61800.0,False,,,,,,,,,
2025-01-01,293,2025,1,1,Wednesday,450080,에코프로머티,65900.0,65900.0,61800.0,61800.0,False,,,,,,,,,
2025-01-02,294,2025,1,2,Thursday,450080,에코프로머티,65900.0,65900.0,61800.0,61800.0,False,,,,,,,,,
2025-01-03,295,2025,1,3,Friday,450080,에코프로머티,61900.0,72000.0,61900.0,66100.0,False,,,,,,,,,
2025-01-06,296,2025,1,6,Monday,450080,에코프로머티,67500.0,70200.0,66300.0,68800.0,False,,,,,,,,,
2025-01-07,297,2025,1,7,Tuesday,450080,에코프로머티,69100.0,70900.0,68800.0,69200.0,False,,,,,,,,,
2025-01-08,298,2025,1,8,Wednesday,450080,에코프로머티,68000.0,74100.0,67900.0,73500.0,False,,,,,,,,,
2025-01-09,299,2025,1,9,Thursday,450080,에코프로머티,74300.0,77300.0,72100.0,76500.0,False,,,,,,,,,
2025-01-10,300,2025,1,10,Friday,450080,에코프로머티,76000.0,79000.0,72200.0,76300.0,False,,,,,,,,,
2025-01-13,301,2025,1,13,Monday,450080,에코프로머티,76100.0,77900.0,74000.0,76300.0,False,,,,,,,,,
2025-01-14,302,2025,1,14,Tuesday,450080,에코프로머티,77600.0,79300.0,76000.0,76400.0,False,,,,,,,,,
2025-01-15,303,2025,1,15,Wednesday,450080,에코프로머티,,,,,True,2025-01-14,1.0,,False,False,70987.67638905947,81682.35453329333,70987.67638905947,81682.35453329333
2025-01-16,304,2025,1,16,Thursday,450080,에코프로머티,,,,,True,2025-01-14,2.0,,False,False,68726.30963142123,83813.24896193757,65514.7491529879,88003.16529327506
2025-01-17,305,2025,1,17,Friday,450080,에코프로머티,,,,,True,2025-01-14,3.0,,False,False,66988.45001276751,85420.1368832379,60323.451972422474,94955.37091806182
2025-01-20,306,2025,1,20,Monday,450080,에코프로머티,,,,,True,2025-01-14,4.0,,False,False,65523.4950391,86753.6246564187,55524.956528967545,102506.12729286062
2025-01-21,307,2025,1,21,Tuesday,450080,에코프로머티,,,,,True,2025-01-14,5.0,,False,False,64234.10617458056,87911.0546648513,51100.70905974728,110661.94094334061
2025-01-22,308,2025,1,22,Wednesday,450080,에코프로머티,,,,,True,2025-01-14,6.0,,False,False,63070.228684138056,88942.48547351499,47028.557635608966,119470.40921330007
2025-01-23,309,2025,1,23,Thursday,450080,에코프로머티,,,,,True,2025-01-14,7.0,,False,False,62002.04910183191,89877.73436070161,43280.43070898685,128979.72920591974
2025-01-24,310,2025,1,24,Friday,450080,에코프로머티,,,,,True,2025-01-14,8.0,,False,False,61010.09111433971,90736.28143459537,39831.051956048366,139246.30783870188
2025-01-27,311,2025,1,27,Monday,450080,에코프로머티,,,,,True,2025-01-14,9.0,,False,False,60080.79080058327,91531.6943937143,36656.54389651376,150329.99145888613
2025-01-28,312,2025,1,28,Tuesday,450080,에코프로머티,,,,,True,2025-01-14,10.0,,False,False,59204.24632469708,92273.87883400879,33735.04828177527,162295.9552955405
2025-01-29,313,2025,1,29,Wednesday,450080,에코프로머티,,,,,True,2025-01-14,11.0,,False,False,58372.962873455996,92970.33331150105,31046.389624997184,175214.36773016676
2025-01-30,314,2025,1,30,Thursday,450080,에코프로머티,,,,,True,2025-01-14,12.0,,False,False,57581.10233171616,93626.8996669106,28572.0159631455,189161.06480715555
2025-01-31,315,2025,1,31,Friday,450080,에코프로머티,,,,,True,2025-01-14,13.0,,False,False,56824.00966103039,94248.23664710554,26294.847603078983,204217.88687363444
2025-02-03,316,2025,2,3,Monday,450080,에코프로머티,,,,,True,2025-01-14,14.0,,False,False,56097.90056573657,94838.1322390802,24199.167969556514,220473.20125640693
2025-02-04,317,2025,2,4,Tuesday,450080,에코프로머티,,,,,True,2025-01-14,15.0,,False,False,55399.64796142529,95399.71720155368,22270.512387319857,238022.40402525055
2025-02-05,318,2025,2,5,Wednesday,450080,에코프로머티,,,,,True,2025-01-14,16.0,,False,False,54726.631510090476,95935.61552988474,20495.569224699473,256968.4865579891
2025-02-06,319,2025,2,6,Thursday,450080,에코프로머티,,,,,True,2025-01-14,17.0,,False,False,54076.62883099814,96448.05324526875,18862.0876982899,277422.6373240575
2025-02-07,320,2025,2,7,Friday,450080,에코프로머티,,,,,True,2025-01-14,18.0,,False,False,53447.73507950954,96938.93881597968,17358.79342836362,299504.8954730651
2025-02-10,321,2025,2,10,Monday,450080,에코프로머티,,,,,True,2025-01-14,19.0,,False,False,52838.30233649284,97409.92376802358,15975.310585875679,323344.85489179037
2025-02-11,322,2025,2,11,Tuesday,450080,에코프로머티,,,,,True,2025-01-14,20.0,,False,False,52246.89314548981,97862.4491480367,14702.090290513104,349082.4249168794
2025-02-12,323,2025,2,12,Wednesday,450080,에코프로머티,,,,,True,2025-01-14,21.0,,False,False,51672.24435487094,98297.78168119493,13530.344699558504,376868.6513538883
2025-02-13,324,2025,2,13,Thursday,450080,에코프로머티,,,,,True,2025-01-14,22.0,,False,False,51113.238598721684,98717.04229039197,12451.986355116638,406866.6029444008
2025-02-14,325,2025,2,14,Friday,450080,에코프로머티,,,,,True,2025-01-14,23.0,,False,False,50568.88152955044,99121.22886359543,11459.572363516692,439252.32835555833
2025-02-17,326,2025,2,17,Monday,450080,에코프로머티,,,,,True,2025-01-14,24.0,,False,False,50038.28344356589,99511.23462863354,10546.253024180562,474215.8893591642
2025-02-18,327,2025,2,18,Tuesday,450080,에코프로머티,,,,,True,2025-01-14,25.0,,False,False,49520.644303594905,99887.8631303408,9705.724552525659,511962.47624361335
2025-02-19,328,2025,2,19,Wednesday,450080,에코프로머티,,,,,True,2025-01-14,26.0,,False,False,49015.24142075646,100251.84054894761,8932.18557088635,552713.6120126611
2025-02-20,329,2025,2,20,Thursday,450080,에코프로머티,,,,,True,2025-01-14,27.0,,False,False,48521.419238870236,100603.82591573484,8220.297067052843,596708.452434926
2025-02-21,330,2025,2,21,Friday,450080,에코프로머티,,,,,True,2025-01-14,28.0,,False,False,48038.58079810491,100944.41964944871,7565.145544092459,644205.1895749753
2025-02-24,331,2025,2,24,Monday,450080,에코프로머티,,,,,True,2025-01-14,29.0,,False,False,47566.180551716825,101274.17073962478,6962.2091070999,695482.5670423819
2025-02-25,332,2025,2,25,Tuesday,450080,에코프로머티,,,,,True,2025-01-14,30.0,,False,False,47103.718282121095,101593.58283057946,6407.3262528090245,750841.5158514751
2025-02-26,333,2025,2,26,Wednesday,450080,에코프로머티,,,,,True,2025-01-14,31.0,,False,False,46650.7339169883,101903.11940537574,5896.667146648896,810606.9204920643
2025-02-27,334,2025,2,27,Thursday,450080,에코프로머티,,,,,True,2025-01-14,32.0,,False,False,46206.80308745063,102203.20822767905,5426.707188997077,875129.5255756828
2025-02-28,335,2025,2,28,Friday,450080,에코프로머티,,,,,True,2025-01-14,33.0,,False,False,45771.5333022742,102494.24516764708,4994.202688182704,944787.9942468579
2025-03-03,336,2025,3,3,Monday,450080,에코프로머티,,,,,True,2025-01-14,34.0,,False,False,45344.56063646597,102776.5975133843,4596.168472333026,1019991.1304395879
2025-03-04,337,2025,3,4,Tuesday,450080,에코프로머티,,,,,True,2025-01-14,35.0,,False,False,44925.54685201305,103050.60685026436,4229.857285539008,1101180.2780207568
2025-03-05,338,2025,3,5,Wednesday,450080,에코프로머티,,,,,True,2025-01-14,36.0,,False,False,44514.176883593726,103316.5915752802,3892.7408261311098,1188831.9109003185
2025-03-06,339,2025,3,6,Thursday,450080,에코프로머티,,,,,True,2025-01-14,37.0,,False,False,44110.15663411378,103574.84910156886,3582.4922961903003,1283460.4293087989
2025-03-07,340,2025,3,7,Friday,450080,에코프로머티,,,,,True,2025-01-14,38.0,,False,False,43713.21103451958,103825.65779865916,3296.9703418499785,1385621.1786526034
2025-03-10,341,2025,3,10,Monday,450080,에코프로머티,,,,,True,2025-01-14,39.0,,False,False,43323.08233005916,104069.27870627126,3034.204273543804,1495913.7086638561
2025-03-11,342,2025,3,11,Tuesday,450080,에코프로머티,,,,,True,2025-01-14,40.0,,False,False,42939.52856140881,104305.95705325055,2792.380464188719,1614985.2919717045
2025-03-12,343,2025,3,12,Wednesday,450080,에코프로머티,,,,,True,2025-01-14,41.0,,False,False,42562.32221416823,104535.92360813257,2569.8298314226,1743534.7227444989
2025-03-13,344,2025,3,13,Thursday,450080,에코프로머티,,,,,True,2025-01-14,42.0,,False,False,42191.24901438911,104759.39588367447,2365.0163174981963,1882316.4176958941
2025-03-14,345,2025,3,14,Friday,450080,에코프로머티,,,,,True,2025-01-14,43.0,,False,False,41826.106851227305,104976.57921426267,2176.5262873209017,2032144.8435224076
2025-03-17,346,2025,3,17,Monday,450080,에코프로머티,,,,,True,2025-01-14,44.0,,False,False,41466.70481064035,105187.66772227471,2003.0587714549756,2193899.296755689
2025-03-18,347,2025,3,18,Tuesday,450080,에코프로머티,,,,,True,2025-01-14,45.0,,False,False,41112.862306406554,105392.84518711979,1843.4164867548695,2368529.064080975
2025-03-19,348,2025,3,19,Wednesday,450080,에코프로머티,,,,,True,2025-01-14,46.0,,False,False,40764.40829670477,105592.28582871781,1696.4975726455111,2557058.9934060303
2025-03-20,349,2025,3,20,Thursday,450080,에코프로머티,,,,,True,2025-01-14,47.0,,False,False,40421.18057614167,105786.15501553133,1561.2879860148666,2760595.508375455
2025-03-21,350,2025,3,21,Friday,450080,에코프로머티,,,,,True,2025-01-14,48.0,,False,False,40083.02513449814,105974.6099058776,1436.8545022278718,2980333.1016276767
2025-03-24,351,2025,3,24,Monday,450080,에코프로머티,,,,,True,2025-01-14,49.0,,False,False,39749.795574638374,106157.8000300783,1322.3382739543135,3217561.3449015273
2025-03-25,352,2025,3,25,Tuesday,450080,에코프로머티,,,,,True,2025-01-14,50.0,,False,False,39421.35258301745,106335.86782000997,1216.9489033533087,3473672.4571325635
2025-03-26,353,2025,3,26,Wednesday,450080,에코프로머티,,,,,True,2025-01-14,51.0,,False,False,39097.56344706933,106508.94909177427,1119.9589867002428,3750169.474953918
2025-03-27,354,2025,3,27,Thursday,450080,에코프로머티,,,,,True,2025-01-14,52.0,,False,False,38778.30161447886,106677.17348648384,1030.699093802856,4048675.0735518285
2025-03-28,355,2025,3,28,Friday,450080,에코프로머티,,,,,True,2025-01-14,53.0,,False,False,38463.44628996007,106840.66487354168,948.5531475541113,4370941.089642709
2025-03-31,356,2025,3,31,Monday,450080,에코프로머티,,,,,True,2025-01-14,54.0,,False,False,38152.88206569499,106999.54172025988,872.9541717312399,4718858.80245915
2025-04-01,357,2025,4,1,Tuesday,450080,에코프로머티,,,,,True,2025-01-14,55.0,,False,False,37846.498582045926,107153.91743120443,803.3803776920187,5094470.033080773
2025-04-02,358,2025,4,2,Wednesday,450080,에코프로머티,,,,,True,2025-01-14,56.0,,False,False,37544.19021555014,107303.90066025787,739.3515629584261,5499979.127248466
2025-04-03,359,2025,4,3,Thursday,450080,에코프로머티,,,,,True,2025-01-14,57.0,,False,False,37245.855791550464,107449.59559804542,680.4257968304847,5937765.89198541
2025-04-04,360,2025,4,4,Friday,450080,에코프로머티,,,,,True,2025-01-14,58.0,,False,False,36951.39831911364,107591.10223707321,626.1963701541989,6410399.561945924
2025-04-07,361,2025,4,7,Monday,450080,에코프로머티,,,,,True,2025-01-14,59.0,,False,False,36660.724746149135,107728.51661666618,576.2889881907054,6920653.877456282
2025-04-08,362,2025,4,8,Tuesday,450080,에코프로머티,,,,,True,2025-01-14,60.0,,False,False,36373.74573286899,107861.93104956427,530.3591872116508,7471523.362735858
2025-04-09,363,2025,4,9,Wednesday,450080,에코프로머티,,,,,True,2025-01-14,61.0,,False,False,36090.37544192854,107991.43433183795,488.0899569899841,8066240.899830405
2025-04-10,364,2025,4,10,Thursday,450080,에코프로머티,,,,,True,2025-01-14,62.0,,False,False,35810.53134376298,108117.11193760742,449.18955277645296,8708296.701393457
2025-04-11,365,2025,4,11,Friday,450080,에코프로머티,,,,,True,2025-01-14,63.0,,False,False,35534.13403578932,108239.04619989629,413.3894816599357,9401458.793661196
2025-04-14,366,2025,4,14,Monday,450080,에코프로머티,,,,,True,2025-01-14,64.0,,False,False,35261.107074278654,108357.3164788149,380.44264941334717,10149795.129829021
2025-04-15,367,2025,4,15,Tuesday,450080,에코프로머티,,,,,True,2025-01-14,65.0,,False,False,34991.376817824166,108471.99931814757,350.12165503453923,10957697.46360635
2025-04-16,368,2025,4,16,Wednesday,450080,에코프로머티,,,,,True,2025-01-14,66.0,,False,False,34724.872281436656,108583.16859131209,322.2172212110144,11829907.123056157
2025-04-17,369,2025,4,17,Thursday,450080,에코프로머티,,,,,True,2025-01-14,67.0,,False,False,34461.52500039374,108690.89563756542,296.5367498754273,12771542.835977895
2025-04-18,370,2025,4,18,Friday,450080,에코프로머티,,,,,True,2025-01-14,68.0,,False,False,34201.26890305256,108795.24938924577,272.9029928822311,13788130.770132337
2025-04-21,371,2025,4,21,Monday,450080,에코프로머티,,,,,True,2025-01-14,69.0,,False,False,33944.040191911066,108896.29649076566,251.15282863040022,14885636.964605106
2025-04-22,372,2025,4,22,Tuesday,450080,에코프로머티,,,,,True,2025-01-14,70.0,,False,False,33689.77723226928,108994.10141000507,231.1361361884069,16070502.342638519
2025-04-23,373,2025,4,23,Wednesday,450080,에코프로머티,,,,,True,2025-01-14,71.0,,False,False,33438.420447901444,109088.72654269346,212.71475915059312,17349680.511411116
2025-04-24,374,2025,4,24,Thursday,450080,에코프로머티,,,,,True,2025-01-14,72.0,,False,False,33189.91222320375,109180.23231031568,195.76155207341534,18730678.57060014
2025-04-25,375,2025,4,25,Friday,450080,에코프로머티,,,,,True,2025-01-14,73.0,,False,False,32944.19681132971,109268.67725203071,180.159502910006,20221601.1692197
2025-04-28,376,2025,4,28,Monday,450080,에코프로머티,,,,,True,2025-01-14,74.0,,False,False,32701.22024786861,109354.11811104642,165.8009253860438,21831198.06929055
2025-04-29,377,2025,4,29,Tuesday,450080,에코프로머티,,,,,True,2025-01-14,75.0,,False,False,32460.930269660756,109436.60991585787,152.58671574266245,23568915.49547785
2025-04-30,378,2025,4,30,Wednesday,450080,에코프로머티,,,,,True,2025-01-14,76.0,,False,False,32223.276238378327,109516.20605671944,140.42566871639363,25444951.57205214
2025-05-01,379,2025,5,1,Thursday,450080,에코프로머티,,,,,True,2025-01-14,77.0,,False,False,31988.20906853208,109592.9583576913,129.2338480349957,27470316.172515593
2025-05-02,380,2025,5,2,Friday,450080,에코프로머티,,,,,True,2025-01-14,78.0,,False,False,31755.68115959213,109666.9171445712,118.93400708429459,29656895.53313273
2025-05-05,381,2025,5,5,Monday,450080,에코프로머티,,,,,True,2025-01-14,79.0,,False,False,31525.64633193735,109738.13130899778,109.45505574744301,32017522.00956211
2025-05-06,382,2025,5,6,Tuesday,450080,에코프로머티,,,,,True,2025-01-14,80.0,,False,False,31298.059766370476,109806.64836898784,100.73156973669215,34566049.38596916
2025-05-07,383,2025,5,7,Wednesday,450080,에코프로머티,,,,,True,2025-01-14,81.0,,False,False,31072.877946957815,109872.51452614882,92.70333903105355,37317434.178585894
2025-05-08,384,2025,5,8,Thursday,450080,에코프로머티,,,,,True,2025-01-14,82.0,,False,False,30850.058606970917,109935.77471978922,85.31495230314141,40287823.41086286
2025-05-09,385,2025,5,9,Friday,450080,에코프로머티,,,,,True,2025-01-14,83.0,,False,False,30629.560677725633,109996.47267813125,78.51541446688465,43494649.37533859
2025-05-12,386,2025,5,12,Monday,450080,에코프로머티,,,,,True,2025-01-14,84.0,,False,False,30411.3442401293,110054.65096681545,72.25779470639978,46956731.9383543
2025-05-13,387,2025,5,13,Tuesday,450080,에코프로머티,,,,,True,2025-01-14,85.0,,False,False,30195.370478761753,110110.3510348711,66.49890255669922,50694388.988008656
2025-05-14,388,2025,5,14,Wednesday,450080,에코프로머티,,,,,True,2025-01-14,86.0,,False,False,29981.601638328495,110163.6132583143,61.19898980052485,54729555.6735374
2025-05-15,389,2025,5,15,Thursday,450080,에코프로머티,,,,,True,2025-01-14,87.0,,False,False,29770.00098233707,110214.47698152278,56.32147612378055,59085913.13589654
2025-05-16,390,2025,5,16,Friday,450080,에코프로머티,,,,,True,2025-01-14,88.0,,False,False,29560.532753858024,110262.98055652568,51.83269663602156,63789027.485029176
2025-05-19,391,2025,5,19,Monday,450080,에코프로머티,,,,,True,2025-01-14,89.0,,False,False,29353.16213824261,110309.16138033685,47.70166951337182,68866499.83943021
2025-05-20,392,2025,5,20,Tuesday,450080,에코프로머티,,,,,True,2025-01-14,90.0,,False,False,29147.855227677945,110353.05593045012,43.89988216012677,74348128.30854483
2025-05-21,393,2025,5,21,Wednesday,450080,에코프로머티,,,,,True,2025-01-14,91.0,,False,False,28944.57898746951,110394.69979860712,40.40109441311653,80266082.86862487
2025-05-22,394,2025,5,22,Thursday,450080,에코프로머티,,,,,True,2025-01-14,92.0,,False,False,28743.301223948096,110434.12772294058,37.1811574305338,86655094.1583354
2025-05-23,395,2025,5,23,Friday,450080,에코프로머티,,,,,True,2025-01-14,93.0,,False,False,28543.990553905816,110471.37361858846,34.21784701518678,93552657.30209441
2025-05-26,396,2025,5,26,Monday,450080,에코프로머티,,,,,True,2025-01-14,94.0,,False,False,28346.616375472273,110506.47060686743,31.49071022176398,100999251.95732132
2025-05-27,397,2025,5,27,Tuesday,450080,에코프로머티,,,,,True,2025-01-14,95.0,,False,False,28151.148840348127,110539.45104308898,28.98092418938526,109038579.87698337
2025-05-28,398,2025,5,28,Wednesday,450080,에코프로머티,,,,,True,2025-01-14,96.0,,False,False,27957.558827318666,110570.34654309561,26.67116622509278,117717821.38162096
2025-05-29,399,2025,5,29,Thursday,450080,에코프로머티,,,,,True,2025-01-14,97.0,,False,False,27765.817916975444,110599.1880085881,24.545494241590614,127087912.24600637
2025-05-30,400,2025,5,30,Friday,450080,에코프로머티,,,,,True,2025-01-14,98.0,,False,False,27575.898367578804,110626.00565131244,22.589236724006884,137203842.62539783
2025-06-02,401,2025,6,2,Monday,450080,에코프로머티,,,,,True,2025-01-14,99.0,,False,False,27387.773091998046,110650.82901616837,20.78889146622269,148124979.77569455
2025-06-03,402,2025,6,3,Tuesday,450080,에코프로머티,,,,,True,2025-01-14,100.0,,False,False,27201.415635670826,110673.68700329904,19.132032377839757,159915416.46143672
