Date,Order,Year,Month,Day,DayName,Code,Name,Open,High,Low,Close,Future,Conf,Observe,Days,Price,BS_L,TFARCH,TFBS,BS_U,ARCH_L,ARCH_U
2022-01-27,0,2022,1,27,Thursday,373220,LG에너지솔루션,597000.0,598000.0,450000.0,505000.0,False,0.7,,,,,,,,,
2022-01-28,1,2022,1,28,Friday,373220,LG에너지솔루션,476000.0,483000.0,445000.0,450000.0,False,0.7,,,,,,,,,
2022-01-31,2,2022,1,31,Monday,373220,LG에너지솔루션,458000.0,495500.0,441000.0,477000.0,False,0.7,,,,,,,,,
2022-02-01,3,2022,2,1,Tuesday,373220,LG에너지솔루션,458000.0,495500.0,441000.0,477000.0,False,0.7,,,,,,,,,
2022-02-02,4,2022,2,2,Wednesday,373220,LG에너지솔루션,458000.0,495500.0,441000.0,477000.0,False,0.7,,,,,,,,,
2022-02-03,5,2022,2,3,Thursday,373220,LG에너지솔루션,458000.0,495500.0,441000.0,477000.0,False,0.7,,,,,,,,,
2022-02-04,6,2022,2,4,Friday,373220,LG에너지솔루션,476500.0,505000.0,476000.0,504000.0,False,0.7,,,,,,,,,
2022-02-07,7,2022,2,7,Monday,373220,LG에너지솔루션,520000.0,548000.0,511000.0,548000.0,False,0.7,,,,,,,,,
2022-02-08,8,2022,2,8,Tuesday,373220,LG에너지솔루션,554000.0,577000.0,524000.0,542000.0,False,0.7,,,,,,,,,
2022-02-09,9,2022,2,9,Wednesday,373220,LG에너지솔루션,550000.0,557000.0,505000.0,511000.0,False,0.7,,,,,,,,,
2022-02-10,10,2022,2,10,Thursday,373220,LG에너지솔루션,507000.0,507000.0,471500.0,474500.0,False,0.7,,,,,,,,,
2022-02-11,11,2022,2,11,Friday,373220,LG에너지솔루션,463500.0,484000.0,457000.0,482000.0,False,0.7,,,,,,,,,
2022-02-14,12,2022,2,14,Monday,373220,LG에너지솔루션,473000.0,482000.0,459500.0,463000.0,False,0.7,,,,,,,,,
2022-02-15,13,2022,2,15,Tuesday,373220,LG에너지솔루션,460000.0,468000.0,450000.0,451500.0,False,0.7,,,,,,,,,
2022-02-16,14,2022,2,16,Wednesday,373220,LG에너지솔루션,464000.0,465000.0,449500.0,455500.0,False,0.7,,,,,,,,,
2022-02-17,15,2022,2,17,Thursday,373220,LG에너지솔루션,454500.0,460000.0,447000.0,454500.0,False,0.7,,,,,,,,,
2022-02-18,16,2022,2,18,Friday,373220,LG에너지솔루션,448500.0,454500.0,448000.0,454500.0,False,0.7,,,,,,,,,
2022-02-21,17,2022,2,21,Monday,373220,LG에너지솔루션,450000.0,453000.0,447500.0,453000.0,False,0.7,,,,,,,,,
2022-02-22,18,2022,2,22,Tuesday,373220,LG에너지솔루션,444500.0,448000.0,440000.0,440000.0,False,0.7,,,,,,,,,
2022-02-23,19,2022,2,23,Wednesday,373220,LG에너지솔루션,443500.0,446000.0,438000.0,442000.0,False,0.7,,,,,,,,,
2022-02-24,20,2022,2,24,Thursday,373220,LG에너지솔루션,435000.0,438000.0,416000.0,416500.0,False,0.7,,,,,,,,,
2022-02-25,21,2022,2,25,Friday,373220,LG에너지솔루션,425000.0,430000.0,418500.0,420000.0,False,0.7,,,,,,,,,
2022-02-28,22,2022,2,28,Monday,373220,LG에너지솔루션,404500.0,422000.0,404000.0,412000.0,False,0.7,,,,,,,,,
2022-03-01,23,2022,3,1,Tuesday,373220,LG에너지솔루션,411000.0,434500.0,408500.0,434000.0,False,0.7,,,,,,,,,
2022-03-02,24,2022,3,2,Wednesday,373220,LG에너지솔루션,411000.0,434500.0,408500.0,434000.0,False,0.7,,,,,,,,,
2022-03-03,25,2022,3,3,Thursday,373220,LG에너지솔루션,439500.0,441000.0,430000.0,437000.0,False,0.7,,,,,,,,,
2022-03-04,26,2022,3,4,Friday,373220,LG에너지솔루션,433500.0,436500.0,427000.0,428500.0,False,0.7,,,,,,,,,
2022-03-07,27,2022,3,7,Monday,373220,LG에너지솔루션,420500.0,421000.0,412000.0,414000.0,False,0.7,,,,,,,,,
2022-03-08,28,2022,3,8,Tuesday,373220,LG에너지솔루션,406000.0,417000.0,402500.0,410500.0,False,0.7,,,,,,,,,
2022-03-09,29,2022,3,9,Wednesday,373220,LG에너지솔루션,421000.0,430500.0,417500.0,417500.0,False,0.7,,,,,,,,,
2022-03-10,30,2022,3,10,Thursday,373220,LG에너지솔루션,421000.0,430500.0,417500.0,417500.0,False,0.7,,,,,,,,,
2022-03-11,31,2022,3,11,Friday,373220,LG에너지솔루션,411500.0,412000.0,390500.0,391000.0,False,0.7,,,,,,,,,
2022-03-14,32,2022,3,14,Monday,373220,LG에너지솔루션,385000.0,385500.0,361500.0,363500.0,False,0.7,,,,,,,,,
2022-03-15,33,2022,3,15,Tuesday,373220,LG에너지솔루션,363000.0,370000.0,355000.0,359500.0,False,0.7,,,,,,,,,
2022-03-16,34,2022,3,16,Wednesday,373220,LG에너지솔루션,367000.0,367500.0,360000.0,363500.0,False,0.7,,,,,,,,,
2022-03-17,35,2022,3,17,Thursday,373220,LG에너지솔루션,374000.0,381500.0,373000.0,376000.0,False,0.7,,,,,,,,,
2022-03-18,36,2022,3,18,Friday,373220,LG에너지솔루션,377500.0,384000.0,370500.0,382000.0,False,0.7,,,,,,,,,
2022-03-21,37,2022,3,21,Monday,373220,LG에너지솔루션,385000.0,397500.0,384000.0,386000.0,False,0.7,,,,,,,,,
2022-03-22,38,2022,3,22,Tuesday,373220,LG에너지솔루션,388500.0,399000.0,388000.0,397500.0,False,0.7,,,,,,,,,
2022-03-23,39,2022,3,23,Wednesday,373220,LG에너지솔루션,403000.0,407500.0,398000.0,407000.0,False,0.7,,,,,,,,,
2022-03-24,40,2022,3,24,Thursday,373220,LG에너지솔루션,405000.0,410000.0,398000.0,408000.0,False,0.7,,,,,,,,,
2022-03-25,41,2022,3,25,Friday,373220,LG에너지솔루션,418500.0,444000.0,417500.0,439000.0,False,0.7,,,,,,,,,
2022-03-28,42,2022,3,28,Monday,373220,LG에너지솔루션,439000.0,443000.0,430000.0,436500.0,False,0.7,,,,,,,,,
2022-03-29,43,2022,3,29,Tuesday,373220,LG에너지솔루션,443000.0,448500.0,440500.0,441000.0,False,0.7,,,,,,,,,
2022-03-30,44,2022,3,30,Wednesday,373220,LG에너지솔루션,444500.0,445000.0,427000.0,440500.0,False,0.7,,,,,,,,,
2022-03-31,45,2022,3,31,Thursday,373220,LG에너지솔루션,437000.0,444000.0,435000.0,442000.0,False,0.7,,,,,,,,,
2022-04-01,46,2022,4,1,Friday,373220,LG에너지솔루션,438500.0,439500.0,425000.0,428000.0,False,0.7,,,,,,,,,
2022-04-04,47,2022,4,4,Monday,373220,LG에너지솔루션,422000.0,440500.0,417500.0,438500.0,False,0.7,,,,,,,,,
2022-04-05,48,2022,4,5,Tuesday,373220,LG에너지솔루션,442500.0,450000.0,437000.0,449000.0,False,0.7,,,,,,,,,
2022-04-06,49,2022,4,6,Wednesday,373220,LG에너지솔루션,436000.0,448500.0,436000.0,444500.0,False,0.7,,,,,,,,,
2022-04-07,50,2022,4,7,Thursday,373220,LG에너지솔루션,438000.0,442000.0,431000.0,436500.0,False,0.7,,,,,,,,,
2022-04-08,51,2022,4,8,Friday,373220,LG에너지솔루션,449000.0,449000.0,437500.0,439500.0,False,0.7,,,,,,,,,
2022-04-11,52,2022,4,11,Monday,373220,LG에너지솔루션,435000.0,435500.0,423500.0,425000.0,False,0.7,,,,,,,,,
2022-04-12,53,2022,4,12,Tuesday,373220,LG에너지솔루션,417000.0,421500.0,410000.0,411000.0,False,0.7,,,,,,,,,
2022-04-13,54,2022,4,13,Wednesday,373220,LG에너지솔루션,414000.0,431500.0,404000.0,431000.0,False,0.7,,,,,,,,,
2022-04-14,55,2022,4,14,Thursday,373220,LG에너지솔루션,434000.0,441000.0,427500.0,441000.0,False,0.7,,,,,,,,,
2022-04-15,56,2022,4,15,Friday,373220,LG에너지솔루션,435500.0,445000.0,431500.0,435000.0,False,0.7,,,,,,,,,
2022-04-18,57,2022,4,18,Monday,373220,LG에너지솔루션,434000.0,439500.0,432500.0,433000.0,False,0.7,,,,,,,,,
2022-04-19,58,2022,4,19,Tuesday,373220,LG에너지솔루션,438000.0,441500.0,434000.0,435500.0,False,0.7,,,,,,,,,
2022-04-20,59,2022,4,20,Wednesday,373220,LG에너지솔루션,437500.0,438000.0,432000.0,436500.0,False,0.7,,,,,,,,,
2022-04-21,60,2022,4,21,Thursday,373220,LG에너지솔루션,437500.0,440000.0,434500.0,437000.0,False,0.7,,,,,,,,,
2022-04-22,61,2022,4,22,Friday,373220,LG에너지솔루션,434000.0,437500.0,428500.0,436500.0,False,0.7,,,,,,,,,
2022-04-25,62,2022,4,25,Monday,373220,LG에너지솔루션,430000.0,436000.0,428500.0,433000.0,False,0.7,,,,,,,,,
2022-04-26,63,2022,4,26,Tuesday,373220,LG에너지솔루션,432000.0,432000.0,414500.0,423500.0,False,0.7,,,,,,,,,
2022-04-27,64,2022,4,27,Wednesday,373220,LG에너지솔루션,399500.0,427000.0,397000.0,418000.0,False,0.7,,,,,,,,,
2022-04-28,65,2022,4,28,Thursday,373220,LG에너지솔루션,420500.0,421000.0,412500.0,417500.0,False,0.7,,,,,,,,,
2022-04-29,66,2022,4,29,Friday,373220,LG에너지솔루션,418000.0,426000.0,414000.0,417000.0,False,0.7,,,,,,,,,
2022-05-02,67,2022,5,2,Monday,373220,LG에너지솔루션,412500.0,414500.0,407000.0,408500.0,False,0.7,,,,,,,,,
2022-05-03,68,2022,5,3,Tuesday,373220,LG에너지솔루션,409500.0,415000.0,406500.0,407500.0,False,0.7,,,,,,,,,
2022-05-04,69,2022,5,4,Wednesday,373220,LG에너지솔루션,409500.0,410500.0,399500.0,401500.0,False,0.7,,,,,,,,,
2022-05-05,70,2022,5,5,Thursday,373220,LG에너지솔루션,395000.0,401500.0,390000.0,401500.0,False,0.7,,,,,,,,,
2022-05-06,71,2022,5,6,Friday,373220,LG에너지솔루션,395000.0,401500.0,390000.0,401500.0,False,0.7,,,,,,,,,
2022-05-09,72,2022,5,9,Monday,373220,LG에너지솔루션,397000.0,400000.0,390000.0,394000.0,False,0.7,,,,,,,,,
2022-05-10,73,2022,5,10,Tuesday,373220,LG에너지솔루션,387500.0,398500.0,382000.0,393500.0,False,0.7,,,,,,,,,
2022-05-11,74,2022,5,11,Wednesday,373220,LG에너지솔루션,394000.0,398000.0,391500.0,391500.0,False,0.7,,,,,,,,,
2022-05-12,75,2022,5,12,Thursday,373220,LG에너지솔루션,390000.0,395500.0,386000.0,388000.0,False,0.7,,,,,,,,,
2022-05-13,76,2022,5,13,Friday,373220,LG에너지솔루션,390500.0,401500.0,390500.0,400500.0,False,0.7,,,,,,,,,
2022-05-16,77,2022,5,16,Monday,373220,LG에너지솔루션,407000.0,407500.0,397000.0,400500.0,False,0.7,,,,,,,,,
2022-05-17,78,2022,5,17,Tuesday,373220,LG에너지솔루션,400500.0,411000.0,399000.0,408500.0,False,0.7,,,,,,,,,
2022-05-18,79,2022,5,18,Wednesday,373220,LG에너지솔루션,410000.0,413000.0,407500.0,410000.0,False,0.7,,,,,,,,,
2022-05-19,80,2022,5,19,Thursday,373220,LG에너지솔루션,398500.0,417000.0,398500.0,415500.0,False,0.7,,,,,,,,,
2022-05-20,81,2022,5,20,Friday,373220,LG에너지솔루션,421000.0,439000.0,418000.0,434000.0,False,0.7,,,,,,,,,
2022-05-23,82,2022,5,23,Monday,373220,LG에너지솔루션,438500.0,444000.0,432500.0,438000.0,False,0.7,,,,,,,,,
2022-05-24,83,2022,5,24,Tuesday,373220,LG에너지솔루션,438500.0,444000.0,436500.0,438500.0,False,0.7,,,,,,,,,
2022-05-25,84,2022,5,25,Wednesday,373220,LG에너지솔루션,439000.0,439000.0,422000.0,426500.0,False,0.7,,,,,,,,,
2022-05-26,85,2022,5,26,Thursday,373220,LG에너지솔루션,426500.0,432500.0,424500.0,430500.0,False,0.7,,,,,,,,,
2022-05-27,86,2022,5,27,Friday,373220,LG에너지솔루션,434500.0,437000.0,427500.0,430500.0,False,0.7,,,,,,,,,
2022-05-30,87,2022,5,30,Monday,373220,LG에너지솔루션,434500.0,440000.0,432000.0,439500.0,False,0.7,,,,,,,,,
2022-05-31,88,2022,5,31,Tuesday,373220,LG에너지솔루션,441500.0,444000.0,436000.0,444000.0,False,0.7,,,,,,,,,
2022-06-01,89,2022,6,1,Wednesday,373220,LG에너지솔루션,440500.0,442000.0,438000.0,440500.0,False,0.7,,,,,,,,,
2022-06-02,90,2022,6,2,Thursday,373220,LG에너지솔루션,440500.0,442000.0,438000.0,440500.0,False,0.7,,,,,,,,,
2022-06-03,91,2022,6,3,Friday,373220,LG에너지솔루션,443500.0,444000.0,437500.0,437500.0,False,0.7,,,,,,,,,
2022-06-06,92,2022,6,6,Monday,373220,LG에너지솔루션,436500.0,439500.0,432000.0,432000.0,False,0.7,,,,,,,,,
2022-06-07,93,2022,6,7,Tuesday,373220,LG에너지솔루션,436500.0,439500.0,432000.0,432000.0,False,0.7,,,,,,,,,
2022-06-08,94,2022,6,8,Wednesday,373220,LG에너지솔루션,432500.0,434500.0,422500.0,425500.0,False,0.7,,,,,,,,,
2022-06-09,95,2022,6,9,Thursday,373220,LG에너지솔루션,426000.0,426000.0,419000.0,422500.0,False,0.7,,,,,,,,,
2022-06-10,96,2022,6,10,Friday,373220,LG에너지솔루션,418000.0,426000.0,412500.0,425000.0,False,0.7,,,,,,,,,
2022-06-13,97,2022,6,13,Monday,373220,LG에너지솔루션,414000.0,420500.0,413500.0,415000.0,False,0.7,,,,,,,,,
2022-06-14,98,2022,6,14,Tuesday,373220,LG에너지솔루션,411000.0,432500.0,410500.0,426500.0,False,0.7,,,,,,,,,
2022-06-15,99,2022,6,15,Wednesday,373220,LG에너지솔루션,426000.0,427500.0,417000.0,420000.0,False,0.7,,,,,,,,,
2022-06-16,100,2022,6,16,Thursday,373220,LG에너지솔루션,424500.0,439500.0,424500.0,427000.0,False,0.7,,,,,,,,,
2022-06-17,101,2022,6,17,Friday,373220,LG에너지솔루션,419500.0,430000.0,417000.0,425500.0,False,0.7,,,,,,,,,
2022-06-20,102,2022,6,20,Monday,373220,LG에너지솔루션,426500.0,427000.0,408500.0,411500.0,False,0.7,,,,,,,,,
2022-06-21,103,2022,6,21,Tuesday,373220,LG에너지솔루션,414500.0,416500.0,406000.0,413000.0,False,0.7,,,,,,,,,
2022-06-22,104,2022,6,22,Wednesday,373220,LG에너지솔루션,415000.0,416500.0,401000.0,401000.0,False,0.7,,,,,,,,,
2022-06-23,105,2022,6,23,Thursday,373220,LG에너지솔루션,401000.0,404500.0,391000.0,400000.0,False,0.7,,,,,,,,,
2022-06-24,106,2022,6,24,Friday,373220,LG에너지솔루션,399000.0,405000.0,398000.0,405000.0,False,0.7,,,,,,,,,
2022-06-27,107,2022,6,27,Monday,373220,LG에너지솔루션,408500.0,414500.0,403500.0,412000.0,False,0.7,,,,,,,,,
2022-06-28,108,2022,6,28,Tuesday,373220,LG에너지솔루션,412000.0,415000.0,406500.0,410500.0,False,0.7,,,,,,,,,
2022-06-29,109,2022,6,29,Wednesday,373220,LG에너지솔루션,402000.0,403500.0,391500.0,391500.0,False,0.7,,,,,,,,,
2022-06-30,110,2022,6,30,Thursday,373220,LG에너지솔루션,388500.0,389000.0,370500.0,371000.0,False,0.7,,,,,,,,,
2022-07-01,111,2022,7,1,Friday,373220,LG에너지솔루션,371000.0,371500.0,356000.0,356500.0,False,0.7,,,,,,,,,
2022-07-04,112,2022,7,4,Monday,373220,LG에너지솔루션,356500.0,361000.0,352000.0,356000.0,False,0.7,,,,,,,,,
2022-07-05,113,2022,7,5,Tuesday,373220,LG에너지솔루션,356500.0,362500.0,356000.0,361500.0,False,0.7,,,,,,,,,
2022-07-06,114,2022,7,6,Wednesday,373220,LG에너지솔루션,367500.0,374500.0,364000.0,370500.0,False,0.7,,,,,,,,,
2022-07-07,115,2022,7,7,Thursday,373220,LG에너지솔루션,374500.0,375000.0,367500.0,373500.0,False,0.7,,,,,,,,,
2022-07-08,116,2022,7,8,Friday,373220,LG에너지솔루션,375000.0,392500.0,375000.0,388000.0,False,0.7,,,,,,,,,
2022-07-11,117,2022,7,11,Monday,373220,LG에너지솔루션,389000.0,402000.0,380500.0,395000.0,False,0.7,,,,,,,,,
2022-07-12,118,2022,7,12,Tuesday,373220,LG에너지솔루션,393000.0,403000.0,387500.0,401000.0,False,0.7,,,,,,,,,
2022-07-13,119,2022,7,13,Wednesday,373220,LG에너지솔루션,398500.0,404000.0,392000.0,400000.0,False,0.7,,,,,,,,,
2022-07-14,120,2022,7,14,Thursday,373220,LG에너지솔루션,400000.0,404000.0,399000.0,399500.0,False,0.7,,,,,,,,,
2022-07-15,121,2022,7,15,Friday,373220,LG에너지솔루션,401500.0,402000.0,394000.0,400000.0,False,0.7,,,,,,,,,
2022-07-18,122,2022,7,18,Monday,373220,LG에너지솔루션,400000.0,400500.0,387000.0,393000.0,False,0.7,,,,,,,,,
2022-07-19,123,2022,7,19,Tuesday,373220,LG에너지솔루션,391500.0,393500.0,382500.0,383000.0,False,0.7,,,,,,,,,
2022-07-20,124,2022,7,20,Wednesday,373220,LG에너지솔루션,387000.0,389500.0,383500.0,384000.0,False,0.7,,,,,,,,,
2022-07-21,125,2022,7,21,Thursday,373220,LG에너지솔루션,385000.0,390500.0,384500.0,390500.0,False,0.7,,,,,,,,,
2022-07-22,126,2022,7,22,Friday,373220,LG에너지솔루션,391500.0,392500.0,382000.0,382000.0,False,0.7,,,,,,,,,
2022-07-25,127,2022,7,25,Monday,373220,LG에너지솔루션,376000.0,393500.0,371000.0,391000.0,False,0.7,,,,,,,,,
2022-07-26,128,2022,7,26,Tuesday,373220,LG에너지솔루션,388000.0,409500.0,386500.0,394000.0,False,0.7,,,,,,,,,
2022-07-27,129,2022,7,27,Wednesday,373220,LG에너지솔루션,383000.0,397000.0,382500.0,393500.0,False,0.7,,,,,,,,,
2022-07-28,130,2022,7,28,Thursday,373220,LG에너지솔루션,396000.0,419000.0,393500.0,415500.0,False,0.7,,,,,,,,,
2022-07-29,131,2022,7,29,Friday,373220,LG에너지솔루션,416000.0,423000.0,411000.0,422000.0,False,0.7,,,,,,,,,
2022-08-01,132,2022,8,1,Monday,373220,LG에너지솔루션,420000.0,428000.0,416500.0,419500.0,False,0.7,,,,,,,,,
2022-08-02,133,2022,8,2,Tuesday,373220,LG에너지솔루션,420000.0,424000.0,413000.0,417000.0,False,0.7,,,,,,,,,
2022-08-03,134,2022,8,3,Wednesday,373220,LG에너지솔루션,416000.0,437000.0,415500.0,437000.0,False,0.7,,,,,,,,,
2022-08-04,135,2022,8,4,Thursday,373220,LG에너지솔루션,444500.0,446500.0,438500.0,443000.0,False,0.7,,,,,,,,,
2022-08-05,136,2022,8,5,Friday,373220,LG에너지솔루션,443500.0,449000.0,440500.0,446000.0,False,0.7,,,,,,,,,
2022-08-08,137,2022,8,8,Monday,373220,LG에너지솔루션,443000.0,448500.0,440500.0,447000.0,False,0.7,,,,,,,,,
2022-08-09,138,2022,8,9,Tuesday,373220,LG에너지솔루션,448000.0,458500.0,444000.0,457500.0,False,0.7,,,,,,,,,
2022-08-10,139,2022,8,10,Wednesday,373220,LG에너지솔루션,455500.0,459500.0,452500.0,458000.0,False,0.7,,,,,,,,,
2022-08-11,140,2022,8,11,Thursday,373220,LG에너지솔루션,462000.0,474000.0,461000.0,472000.0,False,0.7,,,,,,,,,
2022-08-12,141,2022,8,12,Friday,373220,LG에너지솔루션,469000.0,473000.0,455500.0,460500.0,False,0.7,,,,,,,,,
2022-08-15,142,2022,8,15,Monday,373220,LG에너지솔루션,464500.0,469500.0,458500.0,460500.0,False,0.7,,,,,,,,,
2022-08-16,143,2022,8,16,Tuesday,373220,LG에너지솔루션,464500.0,469500.0,458500.0,460500.0,False,0.7,,,,,,,,,
2022-08-17,144,2022,8,17,Wednesday,373220,LG에너지솔루션,461000.0,461500.0,450000.0,453500.0,False,0.7,,,,,,,,,
2022-08-18,145,2022,8,18,Thursday,373220,LG에너지솔루션,450000.0,455000.0,445000.0,452000.0,False,0.7,,,,,,,,,
2022-08-19,146,2022,8,19,Friday,373220,LG에너지솔루션,452500.0,455000.0,445500.0,447000.0,False,0.7,,,,,,,,,
2022-08-22,147,2022,8,22,Monday,373220,LG에너지솔루션,441500.0,447500.0,438500.0,442500.0,False,0.7,,,,,,,,,
2022-08-23,148,2022,8,23,Tuesday,373220,LG에너지솔루션,441500.0,449000.0,439500.0,445000.0,False,0.7,,,,,,,,,
2022-08-24,149,2022,8,24,Wednesday,373220,LG에너지솔루션,449500.0,454000.0,441500.0,451000.0,False,0.7,,,,,,,,,
2022-08-25,150,2022,8,25,Thursday,373220,LG에너지솔루션,452500.0,459000.0,449000.0,459000.0,False,0.7,,,,,,,,,
2022-08-26,151,2022,8,26,Friday,373220,LG에너지솔루션,461000.0,467000.0,460500.0,465500.0,False,0.7,,,,,,,,,
2022-08-29,152,2022,8,29,Monday,373220,LG에너지솔루션,451000.0,465000.0,447500.0,459500.0,False,0.7,,,,,,,,,
2022-08-30,153,2022,8,30,Tuesday,373220,LG에너지솔루션,470500.0,478000.0,463500.0,465500.0,False,0.7,,,,,,,,,
2022-08-31,154,2022,8,31,Wednesday,373220,LG에너지솔루션,462500.0,466000.0,455000.0,462500.0,False,0.7,,,,,,,,,
2022-09-01,155,2022,9,1,Thursday,373220,LG에너지솔루션,455500.0,469000.0,455000.0,463000.0,False,0.7,,,,,,,,,
2022-09-02,156,2022,9,2,Friday,373220,LG에너지솔루션,467500.0,487000.0,466500.0,482000.0,False,0.7,,,,,,,,,
2022-09-05,157,2022,9,5,Monday,373220,LG에너지솔루션,481500.0,492000.0,480500.0,483000.0,False,0.7,,,,,,,,,
2022-09-06,158,2022,9,6,Tuesday,373220,LG에너지솔루션,483000.0,486000.0,475000.0,483500.0,False,0.7,,,,,,,,,
2022-09-07,159,2022,9,7,Wednesday,373220,LG에너지솔루션,481500.0,490500.0,481000.0,488000.0,False,0.7,,,,,,,,,
2022-09-08,160,2022,9,8,Thursday,373220,LG에너지솔루션,492500.0,494000.0,486000.0,486500.0,False,0.7,,,,,,,,,
2022-09-09,161,2022,9,9,Friday,373220,LG에너지솔루션,492000.0,500000.0,485500.0,497000.0,False,0.7,,,,,,,,,
2022-09-12,162,2022,9,12,Monday,373220,LG에너지솔루션,492000.0,500000.0,485500.0,497000.0,False,0.7,,,,,,,,,
2022-09-13,163,2022,9,13,Tuesday,373220,LG에너지솔루션,492000.0,500000.0,485500.0,497000.0,False,0.7,,,,,,,,,
2022-09-14,164,2022,9,14,Wednesday,373220,LG에너지솔루션,487000.0,500000.0,486500.0,498500.0,False,0.7,,,,,,,,,
2022-09-15,165,2022,9,15,Thursday,373220,LG에너지솔루션,499500.0,513000.0,497500.0,511000.0,False,0.7,,,,,,,,,
2022-09-16,166,2022,9,16,Friday,373220,LG에너지솔루션,512000.0,516000.0,501000.0,506000.0,False,0.7,,,,,,,,,
2022-09-19,167,2022,9,19,Monday,373220,LG에너지솔루션,507000.0,507000.0,475000.0,477500.0,False,0.7,,,,,,,,,
2022-09-20,168,2022,9,20,Tuesday,373220,LG에너지솔루션,484000.0,491000.0,475500.0,483500.0,False,0.7,,,,,,,,,
2022-09-21,169,2022,9,21,Wednesday,373220,LG에너지솔루션,481500.0,487500.0,476500.0,479500.0,False,0.7,,,,,,,,,
2022-09-22,170,2022,9,22,Thursday,373220,LG에너지솔루션,475500.0,492000.0,473500.0,488500.0,False,0.7,,,,,,,,,
2022-09-23,171,2022,9,23,Friday,373220,LG에너지솔루션,489000.0,489500.0,460000.0,460500.0,False,0.7,,,,,,,,,
2022-09-26,172,2022,9,26,Monday,373220,LG에너지솔루션,453000.0,458000.0,440000.0,446500.0,False,0.7,,,,,,,,,
2022-09-27,173,2022,9,27,Tuesday,373220,LG에너지솔루션,447500.0,451000.0,435000.0,444000.0,False,0.7,,,,,,,,,
2022-09-28,174,2022,9,28,Wednesday,373220,LG에너지솔루션,444000.0,451500.0,427000.0,433500.0,False,0.7,,,,,,,,,
2022-09-29,175,2022,9,29,Thursday,373220,LG에너지솔루션,440500.0,448000.0,436500.0,440000.0,False,0.7,,,,,,,,,
2022-09-30,176,2022,9,30,Friday,373220,LG에너지솔루션,433000.0,438500.0,420000.0,426500.0,False,0.7,,,,,,,,,
2022-10-03,177,2022,10,3,Monday,373220,LG에너지솔루션,429500.0,446000.0,415000.0,444500.0,False,0.7,,,,,,,,,
2022-10-04,178,2022,10,4,Tuesday,373220,LG에너지솔루션,429500.0,446000.0,415000.0,444500.0,False,0.7,,,,,,,,,
2022-10-05,179,2022,10,5,Wednesday,373220,LG에너지솔루션,455000.0,470500.0,448500.0,469000.0,False,0.7,,,,,,,,,
2022-10-06,180,2022,10,6,Thursday,373220,LG에너지솔루션,470000.0,487000.0,466500.0,478000.0,False,0.7,,,,,,,,,
2022-10-07,181,2022,10,7,Friday,373220,LG에너지솔루션,474500.0,486000.0,474000.0,482500.0,False,0.7,,,,,,,,,
2022-10-10,182,2022,10,10,Monday,373220,LG에너지솔루션,482000.0,497500.0,477500.0,497500.0,False,0.7,,,,,,,,,
2022-10-11,183,2022,10,11,Tuesday,373220,LG에너지솔루션,482000.0,497500.0,477500.0,497500.0,False,0.7,,,,,,,,,
2022-10-12,184,2022,10,12,Wednesday,373220,LG에너지솔루션,497500.0,498000.0,475500.0,483000.0,False,0.7,,,,,,,,,
2022-10-13,185,2022,10,13,Thursday,373220,LG에너지솔루션,484500.0,492500.0,476500.0,477000.0,False,0.7,,,,,,,,,
2022-10-14,186,2022,10,14,Friday,373220,LG에너지솔루션,487000.0,489500.0,479000.0,483000.0,False,0.7,,,,,,,,,
2022-10-17,187,2022,10,17,Monday,373220,LG에너지솔루션,479500.0,491500.0,477000.0,491500.0,False,0.7,,,,,,,,,
2022-10-18,188,2022,10,18,Tuesday,373220,LG에너지솔루션,497000.0,499500.0,481500.0,489000.0,False,0.7,,,,,,,,,
2022-10-19,189,2022,10,19,Wednesday,373220,LG에너지솔루션,491000.0,500000.0,489500.0,497500.0,False,0.7,,,,,,,,,
2022-10-20,190,2022,10,20,Thursday,373220,LG에너지솔루션,499000.0,500000.0,484500.0,495000.0,False,0.7,,,,,,,,,
2022-10-21,191,2022,10,21,Friday,373220,LG에너지솔루션,491000.0,499000.0,489000.0,499000.0,False,0.7,,,,,,,,,
2022-10-24,192,2022,10,24,Monday,373220,LG에너지솔루션,504000.0,510000.0,500000.0,509000.0,False,0.7,,,,,,,,,
2022-10-25,193,2022,10,25,Tuesday,373220,LG에너지솔루션,510000.0,526000.0,509000.0,511000.0,False,0.7,,,,,,,,,
2022-10-26,194,2022,10,26,Wednesday,373220,LG에너지솔루션,517000.0,530000.0,514000.0,529000.0,False,0.7,,,,,,,,,
2022-10-27,195,2022,10,27,Thursday,373220,LG에너지솔루션,535000.0,545000.0,532000.0,540000.0,False,0.7,,,,,,,,,
2022-10-28,196,2022,10,28,Friday,373220,LG에너지솔루션,540000.0,549000.0,530000.0,532000.0,False,0.7,,,,,,,,,
2022-10-31,197,2022,10,31,Monday,373220,LG에너지솔루션,539000.0,542000.0,516000.0,528000.0,False,0.7,,,,,,,,,
2022-11-01,198,2022,11,1,Tuesday,373220,LG에너지솔루션,534000.0,563000.0,533000.0,563000.0,False,0.7,,,,,,,,,
2022-11-02,199,2022,11,2,Wednesday,373220,LG에너지솔루션,564000.0,585000.0,560000.0,569000.0,False,0.7,,,,,,,,,
2022-11-03,200,2022,11,3,Thursday,373220,LG에너지솔루션,560000.0,593000.0,557000.0,589000.0,False,0.7,,,,,,,,,
2022-11-04,201,2022,11,4,Friday,373220,LG에너지솔루션,590000.0,598000.0,583000.0,592000.0,False,0.7,,,,,,,,,
2022-11-07,202,2022,11,7,Monday,373220,LG에너지솔루션,591000.0,596000.0,581000.0,587000.0,False,0.7,,,,,,,,,
2022-11-08,203,2022,11,8,Tuesday,373220,LG에너지솔루션,590000.0,590000.0,570000.0,588000.0,False,0.7,,,,,,,,,
2022-11-09,204,2022,11,9,Wednesday,373220,LG에너지솔루션,591000.0,599000.0,581000.0,599000.0,False,0.7,,,,,,,,,
2022-11-10,205,2022,11,10,Thursday,373220,LG에너지솔루션,595000.0,610000.0,593000.0,605000.0,False,0.7,,,,,,,,,
2022-11-11,206,2022,11,11,Friday,373220,LG에너지솔루션,623000.0,629000.0,613000.0,624000.0,False,0.7,,,,,,,,,
2022-11-14,207,2022,11,14,Monday,373220,LG에너지솔루션,618000.0,628000.0,602000.0,604000.0,False,0.7,,,,,,,,,
2022-11-15,208,2022,11,15,Tuesday,373220,LG에너지솔루션,604000.0,610000.0,586000.0,596000.0,False,0.7,,,,,,,,,
2022-11-16,209,2022,11,16,Wednesday,373220,LG에너지솔루션,599000.0,603000.0,585000.0,600000.0,False,0.7,,,,,,,,,
2022-11-17,210,2022,11,17,Thursday,373220,LG에너지솔루션,596000.0,606000.0,593000.0,597000.0,False,0.7,,,,,,,,,
2022-11-18,211,2022,11,18,Friday,373220,LG에너지솔루션,600000.0,613000.0,597000.0,598000.0,False,0.7,,,,,,,,,
2022-11-21,212,2022,11,21,Monday,373220,LG에너지솔루션,600000.0,600000.0,571000.0,573000.0,False,0.7,,,,,,,,,
2022-11-22,213,2022,11,22,Tuesday,373220,LG에너지솔루션,569000.0,578000.0,558000.0,571000.0,False,0.7,,,,,,,,,
2022-11-23,214,2022,11,23,Wednesday,373220,LG에너지솔루션,574000.0,576000.0,557000.0,561000.0,False,0.7,,,,,,,,,
2022-11-24,215,2022,11,24,Thursday,373220,LG에너지솔루션,568000.0,574000.0,565000.0,568000.0,False,0.7,,,,,,,,,
2022-11-25,216,2022,11,25,Friday,373220,LG에너지솔루션,568000.0,577000.0,566000.0,571000.0,False,0.7,,,,,,,,,
2022-11-28,217,2022,11,28,Monday,373220,LG에너지솔루션,573000.0,584000.0,554000.0,562000.0,False,0.7,,,,,,,,,
2022-11-29,218,2022,11,29,Tuesday,373220,LG에너지솔루션,562000.0,568000.0,558000.0,567000.0,False,0.7,,,,,,,,,
2022-11-30,219,2022,11,30,Wednesday,373220,LG에너지솔루션,563000.0,587000.0,556000.0,587000.0,False,0.7,,,,,,,,,
2022-12-01,220,2022,12,1,Thursday,373220,LG에너지솔루션,589000.0,591000.0,579000.0,585000.0,False,0.7,,,,,,,,,
2022-12-02,221,2022,12,2,Friday,373220,LG에너지솔루션,585000.0,590000.0,578000.0,584000.0,False,0.7,,,,,,,,,
2022-12-05,222,2022,12,5,Monday,373220,LG에너지솔루션,582000.0,582000.0,562000.0,562000.0,False,0.7,,,,,,,,,
2022-12-06,223,2022,12,6,Tuesday,373220,LG에너지솔루션,555000.0,568000.0,553000.0,559000.0,False,0.7,,,,,,,,,
2022-12-07,224,2022,12,7,Wednesday,373220,LG에너지솔루션,558000.0,565000.0,553000.0,563000.0,False,0.7,,,,,,,,,
2022-12-08,225,2022,12,8,Thursday,373220,LG에너지솔루션,564000.0,567000.0,525000.0,531000.0,False,0.7,,,,,,,,,
2022-12-09,226,2022,12,9,Friday,373220,LG에너지솔루션,533000.0,534000.0,507000.0,515000.0,False,0.7,,,,,,,,,
2022-12-12,227,2022,12,12,Monday,373220,LG에너지솔루션,506000.0,514000.0,501000.0,502000.0,False,0.7,,,,,,,,,
2022-12-13,228,2022,12,13,Tuesday,373220,LG에너지솔루션,506000.0,506000.0,489000.0,496500.0,False,0.7,,,,,,,,,
2022-12-14,229,2022,12,14,Wednesday,373220,LG에너지솔루션,492500.0,502000.0,488000.0,498500.0,False,0.7,,,,,,,,,
2022-12-15,230,2022,12,15,Thursday,373220,LG에너지솔루션,499000.0,502000.0,483000.0,486000.0,False,0.7,,,,,,,,,
2022-12-16,231,2022,12,16,Friday,373220,LG에너지솔루션,476500.0,489500.0,476500.0,485500.0,False,0.7,,,,,,,,,
2022-12-19,232,2022,12,19,Monday,373220,LG에너지솔루션,482500.0,483000.0,473000.0,482000.0,False,0.7,,,,,,,,,
2022-12-20,233,2022,12,20,Tuesday,373220,LG에너지솔루션,478500.0,497500.0,477000.0,487500.0,False,0.7,,,,,,,,,
2022-12-21,234,2022,12,21,Wednesday,373220,LG에너지솔루션,489500.0,493000.0,475000.0,477000.0,False,0.7,,,,,,,,,
2022-12-22,235,2022,12,22,Thursday,373220,LG에너지솔루션,479500.0,481000.0,466500.0,471500.0,False,0.7,,,,,,,,,
2022-12-23,236,2022,12,23,Friday,373220,LG에너지솔루션,464000.0,465500.0,455000.0,455500.0,False,0.7,,,,,,,,,
2022-12-26,237,2022,12,26,Monday,373220,LG에너지솔루션,454000.0,459500.0,454000.0,457500.0,False,0.7,,,,,,,,,
2022-12-27,238,2022,12,27,Tuesday,373220,LG에너지솔루션,457500.0,460000.0,449500.0,457000.0,False,0.7,,,,,,,,,
2022-12-28,239,2022,12,28,Wednesday,373220,LG에너지솔루션,450500.0,450500.0,432500.0,436500.0,False,0.7,,,,,,,,,
2022-12-29,240,2022,12,29,Thursday,373220,LG에너지솔루션,435500.0,442500.0,432500.0,435500.0,False,0.7,,,,,,,,,
2022-12-30,241,2022,12,30,Friday,373220,LG에너지솔루션,442000.0,455000.0,441500.0,446000.0,False,0.7,,,,,,,,,
2023-01-02,242,2023,1,2,Monday,373220,LG에너지솔루션,442000.0,455000.0,441500.0,446000.0,False,0.7,,,,,,,,,
2023-01-03,243,2023,1,3,Tuesday,373220,LG에너지솔루션,446000.0,449500.0,435000.0,440500.0,False,0.7,,,,,,,,,
2023-01-04,244,2023,1,4,Wednesday,373220,LG에너지솔루션,433000.0,445000.0,421000.0,443000.0,False,0.7,,,,,,,,,
2023-01-05,245,2023,1,5,Thursday,373220,LG에너지솔루션,447000.0,450000.0,433000.0,433500.0,False,0.7,,,,,,,,,
2023-01-06,246,2023,1,6,Friday,373220,LG에너지솔루션,429500.0,444000.0,423000.0,444000.0,False,0.7,,,,,,,,,
2023-01-09,247,2023,1,9,Monday,373220,LG에너지솔루션,449500.0,465000.0,448500.0,464000.0,False,0.7,,,,,,,,,
2023-01-10,248,2023,1,10,Tuesday,373220,LG에너지솔루션,473500.0,484000.0,467000.0,473500.0,False,0.7,,,,,,,,,
2023-01-11,249,2023,1,11,Wednesday,373220,LG에너지솔루션,474000.0,478500.0,469000.0,474500.0,False,0.7,,,,,,,,,
2023-01-12,250,2023,1,12,Thursday,373220,LG에너지솔루션,481000.0,482000.0,472000.0,478000.0,False,0.7,,,,,,,,,
2023-01-13,251,2023,1,13,Friday,373220,LG에너지솔루션,479500.0,482000.0,475500.0,478000.0,False,0.7,,,,,,,,,
2023-01-16,252,2023,1,16,Monday,373220,LG에너지솔루션,478500.0,480500.0,475500.0,480500.0,False,0.7,,,,,,,,,
2023-01-17,253,2023,1,17,Tuesday,373220,LG에너지솔루션,478500.0,479000.0,454500.0,458000.0,False,0.7,,,,,,,,,
2023-01-18,254,2023,1,18,Wednesday,373220,LG에너지솔루션,464000.0,467000.0,454500.0,458000.0,False,0.7,,,,,,,,,
2023-01-19,255,2023,1,19,Thursday,373220,LG에너지솔루션,458000.0,463000.0,448000.0,456000.0,False,0.7,,,,,,,,,
2023-01-20,256,2023,1,20,Friday,373220,LG에너지솔루션,456500.0,471500.0,450500.0,469500.0,False,0.7,,,,,,,,,
2023-01-23,257,2023,1,23,Monday,373220,LG에너지솔루션,470000.0,484000.0,470000.0,484000.0,False,0.7,,,,,,,,,
2023-01-24,258,2023,1,24,Tuesday,373220,LG에너지솔루션,470000.0,484000.0,470000.0,484000.0,False,0.7,,,,,,,,,
2023-01-25,259,2023,1,25,Wednesday,373220,LG에너지솔루션,470000.0,484000.0,470000.0,484000.0,False,0.7,,,,,,,,,
2023-01-26,260,2023,1,26,Thursday,373220,LG에너지솔루션,485500.0,520000.0,476500.0,517000.0,False,0.7,,,,,,,,,
2023-01-27,261,2023,1,27,Friday,373220,LG에너지솔루션,525000.0,526000.0,504000.0,506000.0,False,0.7,,,,,,,,,
2023-01-30,262,2023,1,30,Monday,373220,LG에너지솔루션,498500.0,515000.0,490000.0,510000.0,False,0.7,,,,,,,,,
2023-01-31,263,2023,1,31,Tuesday,373220,LG에너지솔루션,504000.0,528000.0,501000.0,521000.0,False,0.7,,,,,,,,,
2023-02-01,264,2023,2,1,Wednesday,373220,LG에너지솔루션,527000.0,531000.0,518000.0,522000.0,False,0.7,,,,,,,,,
2023-02-02,265,2023,2,2,Thursday,373220,LG에너지솔루션,529000.0,534000.0,522000.0,533000.0,False,0.7,,,,,,,,,
2023-02-03,266,2023,2,3,Friday,373220,LG에너지솔루션,533000.0,541000.0,530000.0,535000.0,False,0.7,,,,,,,,,
2023-02-06,267,2023,2,6,Monday,373220,LG에너지솔루션,530000.0,533000.0,521000.0,525000.0,False,0.7,,,,,,,,,
2023-02-07,268,2023,2,7,Tuesday,373220,LG에너지솔루션,520000.0,544000.0,520000.0,542000.0,False,0.7,,,,,,,,,
2023-02-08,269,2023,2,8,Wednesday,373220,LG에너지솔루션,545000.0,549000.0,542000.0,546000.0,False,0.7,,,,,,,,,
2023-02-09,270,2023,2,9,Thursday,373220,LG에너지솔루션,544000.0,550000.0,540000.0,550000.0,False,0.7,,,,,,,,,
2023-02-10,271,2023,2,10,Friday,373220,LG에너지솔루션,547000.0,548000.0,535000.0,542000.0,False,0.7,,,,,,,,,
2023-02-13,272,2023,2,13,Monday,373220,LG에너지솔루션,536000.0,537000.0,522000.0,522000.0,False,0.7,,,,,,,,,
2023-02-14,273,2023,2,14,Tuesday,373220,LG에너지솔루션,526000.0,532000.0,520000.0,525000.0,False,0.7,,,,,,,,,
2023-02-15,274,2023,2,15,Wednesday,373220,LG에너지솔루션,531000.0,543000.0,526000.0,527000.0,False,0.7,,,,,,,,,
2023-02-16,275,2023,2,16,Thursday,373220,LG에너지솔루션,534000.0,549000.0,531000.0,549000.0,False,0.7,,,,,,,,,
2023-02-17,276,2023,2,17,Friday,373220,LG에너지솔루션,540000.0,548000.0,529000.0,533000.0,False,0.7,,,,,,,,,
2023-02-20,277,2023,2,20,Monday,373220,LG에너지솔루션,534000.0,534000.0,511000.0,516000.0,False,0.7,,,,,,,,,
2023-02-21,278,2023,2,21,Tuesday,373220,LG에너지솔루션,517000.0,522000.0,511000.0,520000.0,False,0.7,,,,,,,,,
2023-02-22,279,2023,2,22,Wednesday,373220,LG에너지솔루션,507000.0,516000.0,504000.0,508000.0,False,0.7,,,,,,,,,
2023-02-23,280,2023,2,23,Thursday,373220,LG에너지솔루션,511000.0,515000.0,504000.0,507000.0,False,0.7,,,,,,,,,
2023-02-24,281,2023,2,24,Friday,373220,LG에너지솔루션,508000.0,522000.0,507000.0,511000.0,False,0.7,,,,,,,,,
2023-02-27,282,2023,2,27,Monday,373220,LG에너지솔루션,507000.0,512000.0,499000.0,508000.0,False,0.7,,,,,,,,,
2023-02-28,283,2023,2,28,Tuesday,373220,LG에너지솔루션,516000.0,532000.0,515000.0,523000.0,False,0.7,,,,,,,,,
2023-03-01,284,2023,3,1,Wednesday,373220,LG에너지솔루션,520000.0,542000.0,516000.0,535000.0,False,0.7,,,,,,,,,
2023-03-02,285,2023,3,2,Thursday,373220,LG에너지솔루션,520000.0,542000.0,516000.0,535000.0,False,0.7,,,,,,,,,
2023-03-03,286,2023,3,3,Friday,373220,LG에너지솔루션,539000.0,542000.0,533000.0,538000.0,False,0.7,,,,,,,,,
2023-03-06,287,2023,3,6,Monday,373220,LG에너지솔루션,545000.0,547000.0,533000.0,547000.0,False,0.7,,,,,,,,,
2023-03-07,288,2023,3,7,Tuesday,373220,LG에너지솔루션,548000.0,570000.0,543000.0,566000.0,False,0.7,,,,,,,,,
2023-03-08,289,2023,3,8,Wednesday,373220,LG에너지솔루션,559000.0,569000.0,551000.0,562000.0,False,0.7,,,,,,,,,
2023-03-09,290,2023,3,9,Thursday,373220,LG에너지솔루션,564000.0,569000.0,545000.0,549000.0,False,0.7,,,,,,,,,
2023-03-10,291,2023,3,10,Friday,373220,LG에너지솔루션,537000.0,553000.0,534000.0,551000.0,False,0.7,,,,,,,,,
2023-03-13,292,2023,3,13,Monday,373220,LG에너지솔루션,554000.0,565000.0,549000.0,563000.0,False,0.7,,,,,,,,,
2023-03-14,293,2023,3,14,Tuesday,373220,LG에너지솔루션,560000.0,561000.0,545000.0,548000.0,False,0.7,,,,,,,,,
2023-03-15,294,2023,3,15,Wednesday,373220,LG에너지솔루션,551000.0,573000.0,549000.0,565000.0,False,0.7,,,,,,,,,
2023-03-16,295,2023,3,16,Thursday,373220,LG에너지솔루션,561000.0,578000.0,558000.0,576000.0,False,0.7,,,,,,,,,
2023-03-17,296,2023,3,17,Friday,373220,LG에너지솔루션,579000.0,579000.0,550000.0,553000.0,False,0.7,,,,,,,,,
2023-03-20,297,2023,3,20,Monday,373220,LG에너지솔루션,546000.0,551000.0,537000.0,544000.0,False,0.7,,,,,,,,,
2023-03-21,298,2023,3,21,Tuesday,373220,LG에너지솔루션,549000.0,559000.0,545000.0,546000.0,False,0.7,,,,,,,,,
2023-03-22,299,2023,3,22,Wednesday,373220,LG에너지솔루션,557000.0,577000.0,555000.0,573000.0,False,0.7,,,,,,,,,
2023-03-23,300,2023,3,23,Thursday,373220,LG에너지솔루션,568000.0,580000.0,566000.0,575000.0,False,0.7,,,,,,,,,
2023-03-24,301,2023,3,24,Friday,373220,LG에너지솔루션,577000.0,578000.0,556000.0,569000.0,False,0.7,,,,,,,,,
2023-03-27,302,2023,3,27,Monday,373220,LG에너지솔루션,588000.0,594000.0,572000.0,574000.0,False,0.7,,,,,,,,,
2023-03-28,303,2023,3,28,Tuesday,373220,LG에너지솔루션,578000.0,579000.0,566000.0,577000.0,False,0.7,,,,,,,,,
2023-03-29,304,2023,3,29,Wednesday,373220,LG에너지솔루션,578000.0,585000.0,577000.0,583000.0,False,0.7,,,,,,,,,
2023-03-30,305,2023,3,30,Thursday,373220,LG에너지솔루션,587000.0,590000.0,576000.0,588000.0,False,0.7,,,,,,,,,
2023-03-31,306,2023,3,31,Friday,373220,LG에너지솔루션,582000.0,590000.0,571000.0,584000.0,False,0.7,,,,,,,,,
2023-04-03,307,2023,4,3,Monday,373220,LG에너지솔루션,588000.0,590000.0,577000.0,586000.0,False,0.7,,,,,,,,,
2023-04-04,308,2023,4,4,Tuesday,373220,LG에너지솔루션,586000.0,598000.0,572000.0,575000.0,False,0.7,,,,,,,,,
2023-04-05,309,2023,4,5,Wednesday,373220,LG에너지솔루션,575000.0,589000.0,574000.0,588000.0,False,0.7,,,,,,,,,
2023-04-06,310,2023,4,6,Thursday,373220,LG에너지솔루션,587000.0,590000.0,578000.0,580000.0,False,0.7,,,,,,,,,
2023-04-07,311,2023,4,7,Friday,373220,LG에너지솔루션,581000.0,590000.0,579000.0,580000.0,False,0.7,,,,,,,,,
2023-04-10,312,2023,4,10,Monday,373220,LG에너지솔루션,587000.0,598000.0,584000.0,596000.0,False,0.7,,,,,,,,,
2023-04-11,313,2023,4,11,Tuesday,373220,LG에너지솔루션,600000.0,613000.0,596000.0,610000.0,False,0.7,,,,,,,,,
2023-04-12,314,2023,4,12,Wednesday,373220,LG에너지솔루션,608000.0,610000.0,588000.0,590000.0,False,0.7,,,,,,,,,
2023-04-13,315,2023,4,13,Thursday,373220,LG에너지솔루션,581000.0,599000.0,575000.0,599000.0,False,0.7,,,,,,,,,
2023-04-14,316,2023,4,14,Friday,373220,LG에너지솔루션,603000.0,604000.0,586000.0,594000.0,False,0.7,,,,,,,,,
2023-04-17,317,2023,4,17,Monday,373220,LG에너지솔루션,588000.0,593000.0,584000.0,591000.0,False,0.7,,,,,,,,,
2023-04-18,318,2023,4,18,Tuesday,373220,LG에너지솔루션,593000.0,598000.0,586000.0,592000.0,False,0.7,,,,,,,,,
2023-04-19,319,2023,4,19,Wednesday,373220,LG에너지솔루션,593000.0,593000.0,581000.0,582000.0,False,0.7,,,,,,,,,
2023-04-20,320,2023,4,20,Thursday,373220,LG에너지솔루션,582000.0,586000.0,575000.0,580000.0,False,0.7,,,,,,,,,
2023-04-21,321,2023,4,21,Friday,373220,LG에너지솔루션,577000.0,578000.0,563000.0,572000.0,False,0.7,,,,,,,,,
2023-04-24,322,2023,4,24,Monday,373220,LG에너지솔루션,566000.0,575000.0,563000.0,566000.0,False,0.7,,,,,,,,,
2023-04-25,323,2023,4,25,Tuesday,373220,LG에너지솔루션,570000.0,575000.0,548000.0,551000.0,False,0.7,,,,,,,,,
2023-04-26,324,2023,4,26,Wednesday,373220,LG에너지솔루션,551000.0,572000.0,550000.0,567000.0,False,0.7,,,,,,,,,
2023-04-27,325,2023,4,27,Thursday,373220,LG에너지솔루션,573000.0,588000.0,567000.0,587000.0,False,0.7,,,,,,,,,
2023-04-28,326,2023,4,28,Friday,373220,LG에너지솔루션,590000.0,591000.0,573000.0,581000.0,False,0.7,,,,,,,,,
2023-05-01,327,2023,5,1,Monday,373220,LG에너지솔루션,580000.0,592000.0,579000.0,591000.0,False,0.7,,,,,,,,,
2023-05-02,328,2023,5,2,Tuesday,373220,LG에너지솔루션,580000.0,592000.0,579000.0,591000.0,False,0.7,,,,,,,,,
2023-05-03,329,2023,5,3,Wednesday,373220,LG에너지솔루션,587000.0,587000.0,566000.0,567000.0,False,0.7,,,,,,,,,
2023-05-04,330,2023,5,4,Thursday,373220,LG에너지솔루션,563000.0,571000.0,560000.0,564000.0,False,0.7,,,,,,,,,
2023-05-05,331,2023,5,5,Friday,373220,LG에너지솔루션,565000.0,572000.0,558000.0,558000.0,False,0.7,,,,,,,,,
2023-05-08,332,2023,5,8,Monday,373220,LG에너지솔루션,565000.0,572000.0,558000.0,558000.0,False,0.7,,,,,,,,,
2023-05-09,333,2023,5,9,Tuesday,373220,LG에너지솔루션,558000.0,567000.0,550000.0,563000.0,False,0.7,,,,,,,,,
2023-05-10,334,2023,5,10,Wednesday,373220,LG에너지솔루션,561000.0,570000.0,559000.0,566000.0,False,0.7,,,,,,,,,
2023-05-11,335,2023,5,11,Thursday,373220,LG에너지솔루션,568000.0,572000.0,550000.0,553000.0,False,0.7,,,,,,,,,
2023-05-12,336,2023,5,12,Friday,373220,LG에너지솔루션,547000.0,549000.0,542000.0,547000.0,False,0.7,,,,,,,,,
2023-05-15,337,2023,5,15,Monday,373220,LG에너지솔루션,542000.0,546000.0,530000.0,545000.0,False,0.7,,,,,,,,,
2023-05-16,338,2023,5,16,Tuesday,373220,LG에너지솔루션,549000.0,552000.0,538000.0,540000.0,False,0.7,,,,,,,,,
2023-05-17,339,2023,5,17,Wednesday,373220,LG에너지솔루션,538000.0,560000.0,534000.0,560000.0,False,0.7,,,,,,,,,
2023-05-18,340,2023,5,18,Thursday,373220,LG에너지솔루션,563000.0,564000.0,555000.0,562000.0,False,0.7,,,,,,,,,
2023-05-19,341,2023,5,19,Friday,373220,LG에너지솔루션,560000.0,561000.0,552000.0,552000.0,False,0.7,,,,,,,,,
2023-05-22,342,2023,5,22,Monday,373220,LG에너지솔루션,553000.0,562000.0,547000.0,560000.0,False,0.7,,,,,,,,,
2023-05-23,343,2023,5,23,Tuesday,373220,LG에너지솔루션,564000.0,579000.0,563000.0,574000.0,False,0.7,,,,,,,,,
2023-05-24,344,2023,5,24,Wednesday,373220,LG에너지솔루션,574000.0,585000.0,572000.0,585000.0,False,0.7,,,,,,,,,
2023-05-25,345,2023,5,25,Thursday,373220,LG에너지솔루션,579000.0,591000.0,576000.0,583000.0,False,0.7,,,,,,,,,
2023-05-26,346,2023,5,26,Friday,373220,LG에너지솔루션,580000.0,583000.0,575000.0,578000.0,False,0.7,,,,,,,,,
2023-05-29,347,2023,5,29,Monday,373220,LG에너지솔루션,583000.0,586000.0,575000.0,580000.0,False,0.7,,,,,,,,,
2023-05-30,348,2023,5,30,Tuesday,373220,LG에너지솔루션,583000.0,586000.0,575000.0,580000.0,False,0.7,,,,,,,,,
2023-05-31,349,2023,5,31,Wednesday,373220,LG에너지솔루션,581000.0,604000.0,581000.0,599000.0,False,0.7,,,,,,,,,
2023-06-01,350,2023,6,1,Thursday,373220,LG에너지솔루션,595000.0,597000.0,584000.0,584000.0,False,0.7,,,,,,,,,
2023-06-02,351,2023,6,2,Friday,373220,LG에너지솔루션,588000.0,591000.0,586000.0,588000.0,False,0.7,,,,,,,,,
2023-06-05,352,2023,6,5,Monday,373220,LG에너지솔루션,590000.0,595000.0,587000.0,594000.0,False,0.7,,,,,,,,,
2023-06-06,353,2023,6,6,Tuesday,373220,LG에너지솔루션,597000.0,605000.0,597000.0,604000.0,False,0.7,,,,,,,,,
2023-06-07,354,2023,6,7,Wednesday,373220,LG에너지솔루션,597000.0,605000.0,597000.0,604000.0,False,0.7,,,,,,,,,
2023-06-08,355,2023,6,8,Thursday,373220,LG에너지솔루션,601000.0,602000.0,588000.0,591000.0,False,0.7,,,,,,,,,
2023-06-09,356,2023,6,9,Friday,373220,LG에너지솔루션,597000.0,610000.0,597000.0,609000.0,False,0.7,,,,,,,,,
2023-06-12,357,2023,6,12,Monday,373220,LG에너지솔루션,614000.0,614000.0,603000.0,612000.0,False,0.7,,,,,,,,,
2023-06-13,358,2023,6,13,Tuesday,373220,LG에너지솔루션,612000.0,613000.0,604000.0,607000.0,False,0.7,,,,,,,,,
2023-06-14,359,2023,6,14,Wednesday,373220,LG에너지솔루션,610000.0,614000.0,588000.0,589000.0,False,0.7,,,,,,,,,
2023-06-15,360,2023,6,15,Thursday,373220,LG에너지솔루션,594000.0,600000.0,581000.0,585000.0,False,0.7,,,,,,,,,
2023-06-16,361,2023,6,16,Friday,373220,LG에너지솔루션,591000.0,592000.0,582000.0,588000.0,False,0.7,,,,,,,,,
2023-06-19,362,2023,6,19,Monday,373220,LG에너지솔루션,579000.0,580000.0,558000.0,561000.0,False,0.7,,,,,,,,,
2023-06-20,363,2023,6,20,Tuesday,373220,LG에너지솔루션,561000.0,568000.0,555000.0,561000.0,False,0.7,,,,,,,,,
2023-06-21,364,2023,6,21,Wednesday,373220,LG에너지솔루션,563000.0,565000.0,556000.0,558000.0,False,0.7,,,,,,,,,
2023-06-22,365,2023,6,22,Thursday,373220,LG에너지솔루션,556000.0,575000.0,556000.0,569000.0,False,0.7,,,,,,,,,
2023-06-23,366,2023,6,23,Friday,373220,LG에너지솔루션,570000.0,574000.0,561000.0,563000.0,False,0.7,,,,,,,,,
2023-06-26,367,2023,6,26,Monday,373220,LG에너지솔루션,562000.0,567000.0,559000.0,564000.0,False,0.7,,,,,,,,,
2023-06-27,368,2023,6,27,Tuesday,373220,LG에너지솔루션,561000.0,562000.0,556000.0,561000.0,False,0.7,,,,,,,,,
2023-06-28,369,2023,6,28,Wednesday,373220,LG에너지솔루션,561000.0,566000.0,545000.0,547000.0,False,0.7,,,,,,,,,
2023-06-29,370,2023,6,29,Thursday,373220,LG에너지솔루션,548000.0,561000.0,547000.0,550000.0,False,0.7,,,,,,,,,
2023-06-30,371,2023,6,30,Friday,373220,LG에너지솔루션,551000.0,556000.0,548000.0,553000.0,False,0.7,,,,,,,,,
2023-07-03,372,2023,7,3,Monday,373220,LG에너지솔루션,557000.0,576000.0,556000.0,573000.0,False,0.7,,,,,,,,,
2023-07-04,373,2023,7,4,Tuesday,373220,LG에너지솔루션,573000.0,574000.0,564000.0,569000.0,False,0.7,,,,,,,,,
2023-07-05,374,2023,7,5,Wednesday,373220,LG에너지솔루션,569000.0,571000.0,564000.0,567000.0,False,0.7,,,,,,,,,
2023-07-06,375,2023,7,6,Thursday,373220,LG에너지솔루션,569000.0,572000.0,562000.0,565000.0,False,0.7,,,,,,,,,
2023-07-07,376,2023,7,7,Friday,373220,LG에너지솔루션,570000.0,574000.0,556000.0,562000.0,False,0.7,,,,,,,,,
2023-07-10,377,2023,7,10,Monday,373220,LG에너지솔루션,564000.0,564000.0,550000.0,550000.0,False,0.7,,,,,,,,,
2023-07-11,378,2023,7,11,Tuesday,373220,LG에너지솔루션,553000.0,557000.0,547000.0,550000.0,False,0.7,,,,,,,,,
2023-07-12,379,2023,7,12,Wednesday,373220,LG에너지솔루션,538000.0,539000.0,530000.0,534000.0,False,0.7,,,,,,,,,
2023-07-13,380,2023,7,13,Thursday,373220,LG에너지솔루션,535000.0,544000.0,534000.0,542000.0,False,0.7,,,,,,,,,
2023-07-14,381,2023,7,14,Friday,373220,LG에너지솔루션,544000.0,546000.0,538000.0,542000.0,False,0.7,,,,,,,,,
2023-07-17,382,2023,7,17,Monday,373220,LG에너지솔루션,541000.0,542000.0,533000.0,538000.0,False,0.7,,,,,,,,,
2023-07-18,383,2023,7,18,Tuesday,373220,LG에너지솔루션,539000.0,553000.0,534000.0,549000.0,False,0.7,,,,,,,,,
2023-07-19,384,2023,7,19,Wednesday,373220,LG에너지솔루션,550000.0,564000.0,546000.0,560000.0,False,0.7,,,,,,,,,
2023-07-20,385,2023,7,20,Thursday,373220,LG에너지솔루션,560000.0,563000.0,551000.0,556000.0,False,0.7,,,,,,,,,
2023-07-21,386,2023,7,21,Friday,373220,LG에너지솔루션,549000.0,574000.0,543000.0,569000.0,False,0.7,,,,,,,,,
2023-07-24,387,2023,7,24,Monday,373220,LG에너지솔루션,573000.0,602000.0,568000.0,597000.0,False,0.7,,,,,,,,,
2023-07-25,388,2023,7,25,Tuesday,373220,LG에너지솔루션,607000.0,610000.0,585000.0,594000.0,False,0.7,,,,,,,,,
2023-07-26,389,2023,7,26,Wednesday,373220,LG에너지솔루션,595000.0,620000.0,560000.0,580000.0,False,0.7,,,,,,,,,
2023-07-27,390,2023,7,27,Thursday,373220,LG에너지솔루션,577000.0,577000.0,535000.0,540000.0,False,0.7,,,,,,,,,
2023-07-28,391,2023,7,28,Friday,373220,LG에너지솔루션,540000.0,552000.0,540000.0,542000.0,False,0.7,,,,,,,,,
2023-07-31,392,2023,7,31,Monday,373220,LG에너지솔루션,545000.0,562000.0,545000.0,560000.0,False,0.7,,,,,,,,,
2023-08-01,393,2023,8,1,Tuesday,373220,LG에너지솔루션,562000.0,568000.0,550000.0,557000.0,False,0.7,,,,,,,,,
2023-08-02,394,2023,8,2,Wednesday,373220,LG에너지솔루션,551000.0,559000.0,543000.0,544000.0,False,0.7,,,,,,,,,
2023-08-03,395,2023,8,3,Thursday,373220,LG에너지솔루션,541000.0,551000.0,539000.0,543000.0,False,0.7,,,,,,,,,
2023-08-04,396,2023,8,4,Friday,373220,LG에너지솔루션,545000.0,548000.0,540000.0,540000.0,False,0.7,,,,,,,,,
2023-08-07,397,2023,8,7,Monday,373220,LG에너지솔루션,540000.0,542000.0,513000.0,514000.0,False,0.7,,,,,,,,,
2023-08-08,398,2023,8,8,Tuesday,373220,LG에너지솔루션,517000.0,535000.0,517000.0,525000.0,False,0.7,,,,,,,,,
2023-08-09,399,2023,8,9,Wednesday,373220,LG에너지솔루션,530000.0,553000.0,528000.0,553000.0,False,0.7,,,,,,,,,
2023-08-10,400,2023,8,10,Thursday,373220,LG에너지솔루션,549000.0,560000.0,543000.0,556000.0,False,0.7,,,,,,,,,
2023-08-11,401,2023,8,11,Friday,373220,LG에너지솔루션,559000.0,559000.0,543000.0,547000.0,False,0.7,,,,,,,,,
2023-08-14,402,2023,8,14,Monday,373220,LG에너지솔루션,545000.0,551000.0,536000.0,542000.0,False,0.7,,,,,,,,,
2023-08-15,403,2023,8,15,Tuesday,373220,LG에너지솔루션,533000.0,540000.0,524000.0,526000.0,False,0.7,,,,,,,,,
2023-08-16,404,2023,8,16,Wednesday,373220,LG에너지솔루션,533000.0,540000.0,524000.0,526000.0,False,0.7,,,,,,,,,
2023-08-17,405,2023,8,17,Thursday,373220,LG에너지솔루션,522000.0,543000.0,522000.0,540000.0,False,0.7,,,,,,,,,
2023-08-18,406,2023,8,18,Friday,373220,LG에너지솔루션,534000.0,538000.0,525000.0,529000.0,False,0.7,,,,,,,,,
2023-08-21,407,2023,8,21,Monday,373220,LG에너지솔루션,530000.0,534000.0,522000.0,526000.0,False,0.7,,,,,,,,,
2023-08-22,408,2023,8,22,Tuesday,373220,LG에너지솔루션,531000.0,542000.0,531000.0,539000.0,False,0.7,,,,,,,,,
2023-08-23,409,2023,8,23,Wednesday,373220,LG에너지솔루션,535000.0,538000.0,525000.0,525000.0,False,0.7,,,,,,,,,
2023-08-24,410,2023,8,24,Thursday,373220,LG에너지솔루션,532000.0,537000.0,523000.0,535000.0,False,0.7,,,,,,,,,
2023-08-25,411,2023,8,25,Friday,373220,LG에너지솔루션,527000.0,549000.0,525000.0,546000.0,False,0.7,,,,,,,,,
2023-08-28,412,2023,8,28,Monday,373220,LG에너지솔루션,550000.0,553000.0,542000.0,553000.0,False,0.7,,,,,,,,,
2023-08-29,413,2023,8,29,Tuesday,373220,LG에너지솔루션,554000.0,555000.0,546000.0,552000.0,False,0.7,,,,,,,,,
2023-08-30,414,2023,8,30,Wednesday,373220,LG에너지솔루션,557000.0,558000.0,550000.0,553000.0,False,0.7,,,,,,,,,
2023-08-31,415,2023,8,31,Thursday,373220,LG에너지솔루션,554000.0,554000.0,543000.0,544000.0,False,0.7,,,,,,,,,
2023-09-01,416,2023,9,1,Friday,373220,LG에너지솔루션,544000.0,544000.0,520000.0,522000.0,False,0.7,,,,,,,,,
2023-09-04,417,2023,9,4,Monday,373220,LG에너지솔루션,522000.0,531000.0,520000.0,530000.0,False,0.7,,,,,,,,,
2023-09-05,418,2023,9,5,Tuesday,373220,LG에너지솔루션,528000.0,537000.0,528000.0,536000.0,False,0.7,,,,,,,,,
2023-09-06,419,2023,9,6,Wednesday,373220,LG에너지솔루션,537000.0,540000.0,526000.0,527000.0,False,0.7,,,,,,,,,
2023-09-07,420,2023,9,7,Thursday,373220,LG에너지솔루션,523000.0,529000.0,514000.0,517000.0,False,0.7,,,,,,,,,
2023-09-08,421,2023,9,8,Friday,373220,LG에너지솔루션,520000.0,521000.0,505000.0,509000.0,False,0.7,,,,,,,,,
2023-09-11,422,2023,9,11,Monday,373220,LG에너지솔루션,512000.0,512000.0,505000.0,508000.0,False,0.7,,,,,,,,,
2023-09-12,423,2023,9,12,Tuesday,373220,LG에너지솔루션,513000.0,516000.0,499500.0,499500.0,False,0.7,,,,,,,,,
2023-09-13,424,2023,9,13,Wednesday,373220,LG에너지솔루션,491000.0,502000.0,490000.0,494500.0,False,0.7,,,,,,,,,
2023-09-14,425,2023,9,14,Thursday,373220,LG에너지솔루션,496500.0,511000.0,495000.0,508000.0,False,0.7,,,,,,,,,
2023-09-15,426,2023,9,15,Friday,373220,LG에너지솔루션,506000.0,521000.0,504000.0,514000.0,False,0.7,,,,,,,,,
2023-09-18,427,2023,9,18,Monday,373220,LG에너지솔루션,513000.0,514000.0,505000.0,507000.0,False,0.7,,,,,,,,,
2023-09-19,428,2023,9,19,Tuesday,373220,LG에너지솔루션,508000.0,511000.0,496000.0,496500.0,False,0.7,,,,,,,,,
2023-09-20,429,2023,9,20,Wednesday,373220,LG에너지솔루션,495000.0,502000.0,494000.0,499500.0,False,0.7,,,,,,,,,
2023-09-21,430,2023,9,21,Thursday,373220,LG에너지솔루션,497000.0,497500.0,486000.0,487000.0,False,0.7,,,,,,,,,
2023-09-22,431,2023,9,22,Friday,373220,LG에너지솔루션,479000.0,495000.0,478500.0,491000.0,False,0.7,,,,,,,,,
2023-09-25,432,2023,9,25,Monday,373220,LG에너지솔루션,491500.0,491500.0,461500.0,476000.0,False,0.7,,,,,,,,,
2023-09-26,433,2023,9,26,Tuesday,373220,LG에너지솔루션,471500.0,479000.0,468500.0,475500.0,False,0.7,,,,,,,,,
2023-09-27,434,2023,9,27,Wednesday,373220,LG에너지솔루션,469500.0,476500.0,466500.0,476500.0,False,0.7,,,,,,,,,
2023-09-28,435,2023,9,28,Thursday,373220,LG에너지솔루션,467000.0,471500.0,455500.0,456000.0,False,0.7,,,,,,,,,
2023-09-29,436,2023,9,29,Friday,373220,LG에너지솔루션,467000.0,471500.0,455500.0,456000.0,False,0.7,,,,,,,,,
2023-10-02,437,2023,10,2,Monday,373220,LG에너지솔루션,467000.0,471500.0,455500.0,456000.0,False,0.7,,,,,,,,,
2023-10-03,438,2023,10,3,Tuesday,373220,LG에너지솔루션,467000.0,471500.0,455500.0,456000.0,False,0.7,,,,,,,,,
2023-10-04,439,2023,10,4,Wednesday,373220,LG에너지솔루션,467000.0,471500.0,455500.0,456000.0,False,0.7,,,,,,,,,
2023-10-05,440,2023,10,5,Thursday,373220,LG에너지솔루션,468500.0,477000.0,463000.0,467500.0,False,0.7,,,,,,,,,
2023-10-06,441,2023,10,6,Friday,373220,LG에너지솔루션,468000.0,476500.0,462500.0,464000.0,False,0.7,,,,,,,,,
2023-10-09,442,2023,10,9,Monday,373220,LG에너지솔루션,467500.0,473000.0,458000.0,458500.0,False,0.7,,,,,,,,,
2023-10-10,443,2023,10,10,Tuesday,373220,LG에너지솔루션,467500.0,473000.0,458000.0,458500.0,False,0.7,,,,,,,,,
2023-10-11,444,2023,10,11,Wednesday,373220,LG에너지솔루션,464500.0,496500.0,464500.0,492000.0,False,0.7,,,,,,,,,
2023-10-12,445,2023,10,12,Thursday,373220,LG에너지솔루션,494000.0,501000.0,490000.0,493500.0,False,0.7,,,,,,,,,
2023-10-13,446,2023,10,13,Friday,373220,LG에너지솔루션,490000.0,490000.0,480000.0,484000.0,False,0.7,,,,,,,,,
2023-10-16,447,2023,10,16,Monday,373220,LG에너지솔루션,479500.0,481500.0,471500.0,474000.0,False,0.7,,,,,,,,,
2023-10-17,448,2023,10,17,Tuesday,373220,LG에너지솔루션,479500.0,482500.0,474000.0,475000.0,False,0.7,,,,,,,,,
2023-10-18,449,2023,10,18,Wednesday,373220,LG에너지솔루션,471500.0,472500.0,462000.0,465000.0,False,0.7,,,,,,,,,
2023-10-19,450,2023,10,19,Thursday,373220,LG에너지솔루션,455500.0,457000.0,450000.0,452500.0,False,0.7,,,,,,,,,
2023-10-20,451,2023,10,20,Friday,373220,LG에너지솔루션,445500.0,446000.0,435500.0,436500.0,False,0.7,,,,,,,,,
2023-10-23,452,2023,10,23,Monday,373220,LG에너지솔루션,438000.0,442500.0,430500.0,436500.0,False,0.7,,,,,,,,,
2023-10-24,453,2023,10,24,Tuesday,373220,LG에너지솔루션,439500.0,449000.0,423000.0,448500.0,False,0.7,,,,,,,,,
2023-10-25,454,2023,10,25,Wednesday,373220,LG에너지솔루션,449000.0,449500.0,409000.0,409500.0,False,0.7,,,,,,,,,
2023-10-26,455,2023,10,26,Thursday,373220,LG에너지솔루션,398000.0,407000.0,395000.0,399500.0,False,0.7,,,,,,,,,
2023-10-27,456,2023,10,27,Friday,373220,LG에너지솔루션,399500.0,411000.0,396500.0,400000.0,False,0.7,,,,,,,,,
2023-10-30,457,2023,10,30,Monday,373220,LG에너지솔루션,397000.0,413000.0,397000.0,405000.0,False,0.7,,,,,,,,,
2023-10-31,458,2023,10,31,Tuesday,373220,LG에너지솔루션,404500.0,404500.0,382500.0,385500.0,False,0.7,,,,,,,,,
2023-11-01,459,2023,11,1,Wednesday,373220,LG에너지솔루션,389500.0,391500.0,375500.0,377500.0,False,0.7,,,,,,,,,
2023-11-02,460,2023,11,2,Thursday,373220,LG에너지솔루션,383500.0,394000.0,380000.0,391500.0,False,0.7,,,,,,,,,
2023-11-03,461,2023,11,3,Friday,373220,LG에너지솔루션,402500.0,404500.0,396500.0,402000.0,False,0.7,,,,,,,,,
2023-11-06,462,2023,11,6,Monday,373220,LG에너지솔루션,451500.0,500000.0,435000.0,493500.0,False,0.7,,,,,,,,,
2023-11-07,463,2023,11,7,Tuesday,373220,LG에너지솔루션,488500.0,488500.0,440500.0,443000.0,False,0.7,,,,,,,,,
2023-11-08,464,2023,11,8,Wednesday,373220,LG에너지솔루션,446000.0,459500.0,437500.0,437500.0,False,0.7,,,,,,,,,
2023-11-09,465,2023,11,9,Thursday,373220,LG에너지솔루션,439000.0,447000.0,426500.0,429000.0,False,0.7,,,,,,,,,
2023-11-10,466,2023,11,10,Friday,373220,LG에너지솔루션,418500.0,422000.0,411000.0,411000.0,False,0.7,,,,,,,,,
2023-11-13,467,2023,11,13,Monday,373220,LG에너지솔루션,413000.0,425000.0,408000.0,415500.0,False,0.7,,,,,,,,,
2023-11-14,468,2023,11,14,Tuesday,373220,LG에너지솔루션,424500.0,444000.0,420500.0,437000.0,False,0.7,,,,,,,,,
2023-11-15,469,2023,11,15,Wednesday,373220,LG에너지솔루션,460000.0,460000.0,446000.0,451500.0,False,0.7,,,,,,,,,
2023-11-16,470,2023,11,16,Thursday,373220,LG에너지솔루션,447500.0,449500.0,439000.0,442500.0,False,0.7,,,,,,,,,
2023-11-17,471,2023,11,17,Friday,373220,LG에너지솔루션,436000.0,437000.0,428000.0,432000.0,False,0.7,,,,,,,,,
2023-11-20,472,2023,11,20,Monday,373220,LG에너지솔루션,432000.0,445500.0,431500.0,444000.0,False,0.7,,,,,,,,,
2023-11-21,473,2023,11,21,Tuesday,373220,LG에너지솔루션,450000.0,452000.0,444000.0,447000.0,False,0.7,,,,,,,,,
2023-11-22,474,2023,11,22,Wednesday,373220,LG에너지솔루션,443000.0,446000.0,437000.0,442000.0,False,0.7,,,,,,,,,
2023-11-23,475,2023,11,23,Thursday,373220,LG에너지솔루션,440500.0,450500.0,440500.0,448500.0,False,0.7,,,,,,,,,
2023-11-24,476,2023,11,24,Friday,373220,LG에너지솔루션,449500.0,452500.0,442500.0,442500.0,False,0.7,,,,,,,,,
2023-11-27,477,2023,11,27,Monday,373220,LG에너지솔루션,446000.0,447500.0,432500.0,434500.0,False,0.7,,,,,,,,,
2023-11-28,478,2023,11,28,Tuesday,373220,LG에너지솔루션,436500.0,440500.0,434000.0,435000.0,False,0.7,,,,,,,,,
2023-11-29,479,2023,11,29,Wednesday,373220,LG에너지솔루션,440000.0,447500.0,434000.0,447000.0,False,0.7,,,,,,,,,
2023-11-30,480,2023,11,30,Thursday,373220,LG에너지솔루션,444000.0,454500.0,440500.0,454500.0,False,0.7,,,,,,,,,
2023-12-01,481,2023,12,1,Friday,373220,LG에너지솔루션,444000.0,448000.0,428500.0,428500.0,False,0.7,,,,,,,,,
2023-12-04,482,2023,12,4,Monday,373220,LG에너지솔루션,429500.0,436000.0,428000.0,430000.0,False,0.7,,,,,,,,,
2023-12-05,483,2023,12,5,Tuesday,373220,LG에너지솔루션,425000.0,434500.0,423000.0,430000.0,False,0.7,,,,,,,,,
2023-12-06,484,2023,12,6,Wednesday,373220,LG에너지솔루션,430500.0,435000.0,424500.0,424500.0,False,0.7,,,,,,,,,
2023-12-07,485,2023,12,7,Thursday,373220,LG에너지솔루션,428000.0,429500.0,420000.0,426500.0,False,0.7,,,,,,,,,
2023-12-08,486,2023,12,8,Friday,373220,LG에너지솔루션,431500.0,436000.0,427500.0,430500.0,False,0.7,,,,,,,,,
2023-12-11,487,2023,12,11,Monday,373220,LG에너지솔루션,434000.0,434000.0,427000.0,428500.0,False,0.7,,,,,,,,,
2023-12-12,488,2023,12,12,Tuesday,373220,LG에너지솔루션,427000.0,430500.0,424000.0,424500.0,False,0.7,,,,,,,,,
2023-12-13,489,2023,12,13,Wednesday,373220,LG에너지솔루션,423000.0,424500.0,409500.0,410000.0,False,0.7,,,,,,,,,
2023-12-14,490,2023,12,14,Thursday,373220,LG에너지솔루션,419500.0,422500.0,415000.0,422500.0,False,0.7,,,,,,,,,
2023-12-15,491,2023,12,15,Friday,373220,LG에너지솔루션,426500.0,431000.0,422000.0,422000.0,False,0.7,,,,,,,,,
2023-12-18,492,2023,12,18,Monday,373220,LG에너지솔루션,429500.0,430000.0,422000.0,422000.0,False,0.7,,,,,,,,,
2023-12-19,493,2023,12,19,Tuesday,373220,LG에너지솔루션,422000.0,428000.0,419000.0,426000.0,False,0.7,,,,,,,,,
2023-12-20,494,2023,12,20,Wednesday,373220,LG에너지솔루션,429000.0,434000.0,428000.0,432500.0,False,0.7,,,,,,,,,
2023-12-21,495,2023,12,21,Thursday,373220,LG에너지솔루션,428500.0,430000.0,421000.0,423000.0,False,0.7,,,,,,,,,
2023-12-22,496,2023,12,22,Friday,373220,LG에너지솔루션,425500.0,425500.0,419000.0,419500.0,False,0.7,,,,,,,,,
2023-12-25,497,2023,12,25,Monday,373220,LG에너지솔루션,423500.0,423500.0,415000.0,415500.0,False,0.7,,,,,,,,,
2023-12-26,498,2023,12,26,Tuesday,373220,LG에너지솔루션,423500.0,423500.0,415000.0,415500.0,False,0.7,,,,,,,,,
2023-12-27,499,2023,12,27,Wednesday,373220,LG에너지솔루션,417000.0,422000.0,417000.0,421000.0,False,0.7,,,,,,,,,
2023-12-28,500,2023,12,28,Thursday,373220,LG에너지솔루션,421500.0,427500.0,421000.0,427500.0,False,0.7,,,,,,,,,
2023-12-29,501,2023,12,29,Friday,373220,LG에너지솔루션,425000.0,429500.0,422000.0,429500.0,False,0.7,,,,,,,,,
2024-01-01,502,2024,1,1,Monday,373220,LG에너지솔루션,425000.0,429500.0,422000.0,429500.0,False,0.7,,,,,,,,,
2024-01-02,503,2024,1,2,Tuesday,373220,LG에너지솔루션,425000.0,429500.0,422000.0,429500.0,False,0.7,,,,,,,,,
2024-01-03,504,2024,1,3,Wednesday,373220,LG에너지솔루션,425500.0,426000.0,416000.0,416000.0,False,0.7,,,,,,,,,
2024-01-04,505,2024,1,4,Thursday,373220,LG에너지솔루션,414000.0,419000.0,410000.0,419000.0,False,0.7,,,,,,,,,
2024-01-05,506,2024,1,5,Friday,373220,LG에너지솔루션,416500.0,420500.0,414500.0,416000.0,False,0.7,,,,,,,,,
2024-01-08,507,2024,1,8,Monday,373220,LG에너지솔루션,419500.0,419500.0,414500.0,415000.0,False,0.7,,,,,,,,,
2024-01-09,508,2024,1,9,Tuesday,373220,LG에너지솔루션,419500.0,419500.0,415000.0,417500.0,False,0.7,,,,,,,,,
2024-01-10,509,2024,1,10,Wednesday,373220,LG에너지솔루션,417500.0,417500.0,405500.0,410500.0,False,0.7,,,,,,,,,
2024-01-11,510,2024,1,11,Thursday,373220,LG에너지솔루션,409500.0,420000.0,409500.0,415500.0,False,0.7,,,,,,,,,
2024-01-12,511,2024,1,12,Friday,373220,LG에너지솔루션,415000.0,415500.0,409000.0,413000.0,False,0.7,,,,,,,,,
2024-01-15,512,2024,1,15,Monday,373220,LG에너지솔루션,409000.0,409500.0,397000.0,399500.0,False,0.7,,,,,,,,,
2024-01-16,513,2024,1,16,Tuesday,373220,LG에너지솔루션,396500.0,404000.0,394500.0,400500.0,False,0.7,,,,,,,,,
2024-01-17,514,2024,1,17,Wednesday,373220,LG에너지솔루션,400000.0,400500.0,387000.0,390000.0,False,0.7,,,,,,,,,
2024-01-18,515,2024,1,18,Thursday,373220,LG에너지솔루션,390000.0,399000.0,387000.0,390500.0,False,0.7,,,,,,,,,
2024-01-19,516,2024,1,19,Friday,373220,LG에너지솔루션,390500.0,397000.0,378500.0,383500.0,False,0.7,,,,,,,,,
2024-01-22,517,2024,1,22,Monday,373220,LG에너지솔루션,383500.0,387000.0,371500.0,372000.0,False,0.7,,,,,,,,,
2024-01-23,518,2024,1,23,Tuesday,373220,LG에너지솔루션,370500.0,379000.0,370500.0,373500.0,False,0.7,,,,,,,,,
2024-01-24,519,2024,1,24,Wednesday,373220,LG에너지솔루션,372500.0,385000.0,370500.0,380500.0,False,0.7,,,,,,,,,
2024-01-25,520,2024,1,25,Thursday,373220,LG에너지솔루션,375000.0,375500.0,363000.0,368000.0,False,0.7,,,,,,,,,
2024-01-26,521,2024,1,26,Friday,373220,LG에너지솔루션,364000.0,392000.0,362000.0,381000.0,False,0.7,,,,,,,,,
2024-01-29,522,2024,1,29,Monday,373220,LG에너지솔루션,385000.0,387000.0,377500.0,377500.0,False,0.7,,,,,,,,,
2024-01-30,523,2024,1,30,Tuesday,373220,LG에너지솔루션,382500.0,387500.0,373000.0,375000.0,False,0.7,,,,,,,,,
2024-01-31,524,2024,1,31,Wednesday,373220,LG에너지솔루션,379000.0,387500.0,377000.0,381000.0,False,0.7,,,,,,,,,
2024-02-01,525,2024,2,1,Thursday,373220,LG에너지솔루션,378000.0,383000.0,373000.0,381500.0,False,0.7,,,,,,,,,
2024-02-02,526,2024,2,2,Friday,373220,LG에너지솔루션,384500.0,392500.0,381500.0,387500.0,False,0.7,,,,,,,,,
2024-02-05,527,2024,2,5,Monday,373220,LG에너지솔루션,389000.0,393000.0,385500.0,389000.0,False,0.7,,,,,,,,,
2024-02-06,528,2024,2,6,Tuesday,373220,LG에너지솔루션,385000.0,387500.0,376000.0,377000.0,False,0.7,,,,,,,,,
2024-02-07,529,2024,2,7,Wednesday,373220,LG에너지솔루션,382000.0,394000.0,382000.0,386000.0,False,0.7,,,,,,,,,
2024-02-08,530,2024,2,8,Thursday,373220,LG에너지솔루션,397500.0,397500.0,386500.0,394000.0,False,0.7,,,,,,,,,
2024-02-09,531,2024,2,9,Friday,373220,LG에너지솔루션,395000.0,395500.0,390000.0,393500.0,False,0.7,,,,,,,,,
2024-02-12,532,2024,2,12,Monday,373220,LG에너지솔루션,395000.0,395500.0,390000.0,393500.0,False,0.7,,,,,,,,,
2024-02-13,533,2024,2,13,Tuesday,373220,LG에너지솔루션,395000.0,395500.0,390000.0,393500.0,False,0.7,,,,,,,,,
2024-02-14,534,2024,2,14,Wednesday,373220,LG에너지솔루션,390000.0,390000.0,380000.0,388000.0,False,0.7,,,,,,,,,
2024-02-15,535,2024,2,15,Thursday,373220,LG에너지솔루션,393500.0,397500.0,389000.0,395500.0,False,0.7,,,,,,,,,
2024-02-16,536,2024,2,16,Friday,373220,LG에너지솔루션,401500.0,412000.0,401000.0,410000.0,False,0.7,,,,,,,,,
2024-02-19,537,2024,2,19,Monday,373220,LG에너지솔루션,412000.0,412500.0,395500.0,397500.0,False,0.7,,,,,,,,,
2024-02-20,538,2024,2,20,Tuesday,373220,LG에너지솔루션,397500.0,404500.0,392000.0,404000.0,False,0.7,,,,,,,,,
2024-02-21,539,2024,2,21,Wednesday,373220,LG에너지솔루션,402500.0,408000.0,398000.0,407000.0,False,0.7,,,,,,,,,
2024-02-22,540,2024,2,22,Thursday,373220,LG에너지솔루션,410000.0,415500.0,405000.0,408500.0,False,0.7,,,,,,,,,
2024-02-23,541,2024,2,23,Friday,373220,LG에너지솔루션,411500.0,411500.0,402000.0,402000.0,False,0.7,,,,,,,,,
2024-02-26,542,2024,2,26,Monday,373220,LG에너지솔루션,402500.0,414000.0,402000.0,409500.0,False,0.7,,,,,,,,,
2024-02-27,543,2024,2,27,Tuesday,373220,LG에너지솔루션,413500.0,417000.0,400500.0,403500.0,False,0.7,,,,,,,,,
2024-02-28,544,2024,2,28,Wednesday,373220,LG에너지솔루션,403500.0,408500.0,399500.0,400500.0,False,0.7,,,,,,,,,
2024-02-29,545,2024,2,29,Thursday,373220,LG에너지솔루션,399000.0,407000.0,394000.0,401500.0,False,0.7,,,,,,,,,
2024-03-01,546,2024,3,1,Friday,373220,LG에너지솔루션,401000.0,406000.0,398500.0,398500.0,False,0.7,,,,,,,,,
2024-03-04,547,2024,3,4,Monday,373220,LG에너지솔루션,401000.0,406000.0,398500.0,398500.0,False,0.7,,,,,,,,,
2024-03-05,548,2024,3,5,Tuesday,373220,LG에너지솔루션,396000.0,398500.0,387000.0,387500.0,False,0.7,,,,,,,,,
2024-03-06,549,2024,3,6,Wednesday,373220,LG에너지솔루션,386500.0,391000.0,386000.0,387000.0,False,0.7,,,,,,,,,
2024-03-07,550,2024,3,7,Thursday,373220,LG에너지솔루션,391000.0,402000.0,387500.0,399500.0,False,0.7,,,,,,,,,
2024-03-08,551,2024,3,8,Friday,373220,LG에너지솔루션,403500.0,406500.0,399500.0,402500.0,False,0.7,,,,,,,,,
2024-03-11,552,2024,3,11,Monday,373220,LG에너지솔루션,402500.0,407000.0,399000.0,400500.0,False,0.7,,,,,,,,,
2024-03-12,553,2024,3,12,Tuesday,373220,LG에너지솔루션,404500.0,420000.0,404500.0,419500.0,False,0.7,,,,,,,,,
2024-03-13,554,2024,3,13,Wednesday,373220,LG에너지솔루션,419500.0,422000.0,415000.0,418500.0,False,0.7,,,,,,,,,
2024-03-14,555,2024,3,14,Thursday,373220,LG에너지솔루션,416500.0,417000.0,405000.0,416000.0,False,0.7,,,,,,,,,
2024-03-15,556,2024,3,15,Friday,373220,LG에너지솔루션,407000.0,410000.0,398500.0,398500.0,False,0.7,,,,,,,,,
2024-03-18,557,2024,3,18,Monday,373220,LG에너지솔루션,402000.0,408500.0,401000.0,407500.0,False,0.7,,,,,,,,,
2024-03-19,558,2024,3,19,Tuesday,373220,LG에너지솔루션,412000.0,412000.0,402000.0,403000.0,False,0.7,,,,,,,,,
2024-03-20,559,2024,3,20,Wednesday,373220,LG에너지솔루션,405000.0,410000.0,404000.0,407500.0,False,0.7,,,,,,,,,
2024-03-21,560,2024,3,21,Thursday,373220,LG에너지솔루션,409500.0,414000.0,409000.0,413500.0,False,0.7,,,,,,,,,
2024-03-22,561,2024,3,22,Friday,373220,LG에너지솔루션,410500.0,415500.0,409000.0,413500.0,False,0.7,,,,,,,,,
2024-03-25,562,2024,3,25,Monday,373220,LG에너지솔루션,416500.0,417000.0,412000.0,414500.0,False,0.7,,,,,,,,,
2024-03-26,563,2024,3,26,Tuesday,373220,LG에너지솔루션,417000.0,417500.0,405500.0,406000.0,False,0.7,,,,,,,,,
2024-03-27,564,2024,3,27,Wednesday,373220,LG에너지솔루션,406000.0,412500.0,404500.0,409000.0,False,0.7,,,,,,,,,
2024-03-28,565,2024,3,28,Thursday,373220,LG에너지솔루션,410000.0,411000.0,401000.0,401500.0,False,0.7,,,,,,,,,
2024-03-29,566,2024,3,29,Friday,373220,LG에너지솔루션,401500.0,402500.0,393000.0,395000.0,False,0.7,,,,,,,,,
2024-04-01,567,2024,4,1,Monday,373220,LG에너지솔루션,395000.0,398500.0,392500.0,395500.0,False,0.7,,,,,,,,,
2024-04-02,568,2024,4,2,Tuesday,373220,LG에너지솔루션,395500.0,400000.0,392500.0,393000.0,False,0.7,,,,,,,,,
2024-04-03,569,2024,4,3,Wednesday,373220,LG에너지솔루션,391500.0,391500.0,376000.0,376000.0,False,0.7,,,,,,,,,
2024-04-04,570,2024,4,4,Thursday,373220,LG에너지솔루션,379500.0,384000.0,376000.0,379500.0,False,0.7,,,,,,,,,
2024-04-05,571,2024,4,5,Friday,373220,LG에너지솔루션,375500.0,380000.0,373000.0,376000.0,False,0.7,,,,,,,,,
2024-04-08,572,2024,4,8,Monday,373220,LG에너지솔루션,374000.0,375500.0,358000.0,373000.0,False,0.7,,,,,,,,,
2024-04-09,573,2024,4,9,Tuesday,373220,LG에너지솔루션,376500.0,382500.0,372500.0,374000.0,False,0.7,,,,,,,,,
2024-04-10,574,2024,4,10,Wednesday,373220,LG에너지솔루션,368500.0,380000.0,365000.0,380000.0,False,0.7,,,,,,,,,
2024-04-11,575,2024,4,11,Thursday,373220,LG에너지솔루션,368500.0,380000.0,365000.0,380000.0,False,0.7,,,,,,,,,
2024-04-12,576,2024,4,12,Friday,373220,LG에너지솔루션,380000.0,381500.0,371500.0,371500.0,False,0.7,,,,,,,,,
2024-04-15,577,2024,4,15,Monday,373220,LG에너지솔루션,367000.0,377000.0,365500.0,373000.0,False,0.7,,,,,,,,,
2024-04-16,578,2024,4,16,Tuesday,373220,LG에너지솔루션,368000.0,372500.0,366000.0,366000.0,False,0.7,,,,,,,,,
2024-04-17,579,2024,4,17,Wednesday,373220,LG에너지솔루션,366000.0,372000.0,364000.0,364500.0,False,0.7,,,,,,,,,
2024-04-18,580,2024,4,18,Thursday,373220,LG에너지솔루션,364000.0,378500.0,364000.0,377000.0,False,0.7,,,,,,,,,
2024-04-19,581,2024,4,19,Friday,373220,LG에너지솔루션,372000.0,372000.0,364500.0,367000.0,False,0.7,,,,,,,,,
2024-04-22,582,2024,4,22,Monday,373220,LG에너지솔루션,373000.0,378500.0,369000.0,378500.0,False,0.7,,,,,,,,,
2024-04-23,583,2024,4,23,Tuesday,373220,LG에너지솔루션,377000.0,379000.0,370000.0,370000.0,False,0.7,,,,,,,,,
2024-04-24,584,2024,4,24,Wednesday,373220,LG에너지솔루션,380500.0,389500.0,378000.0,385000.0,False,0.7,,,,,,,,,
2024-04-25,585,2024,4,25,Thursday,373220,LG에너지솔루션,380000.0,381000.0,372000.0,372500.0,False,0.7,,,,,,,,,
2024-04-26,586,2024,4,26,Friday,373220,LG에너지솔루션,373000.0,375000.0,367500.0,372000.0,False,0.7,,,,,,,,,
2024-04-29,587,2024,4,29,Monday,373220,LG에너지솔루션,375000.0,378500.0,372000.0,378500.0,False,0.7,,,,,,,,,
2024-04-30,588,2024,4,30,Tuesday,373220,LG에너지솔루션,382500.0,390000.0,382500.0,389000.0,False,0.7,,,,,,,,,
2024-05-01,589,2024,5,1,Wednesday,373220,LG에너지솔루션,385000.0,392000.0,381000.0,389000.0,False,0.7,,,,,,,,,
2024-05-02,590,2024,5,2,Thursday,373220,LG에너지솔루션,385000.0,392000.0,381000.0,389000.0,False,0.7,,,,,,,,,
2024-05-03,591,2024,5,3,Friday,373220,LG에너지솔루션,391000.0,394000.0,387000.0,391000.0,False,0.7,,,,,,,,,
2024-05-06,592,2024,5,6,Monday,373220,LG에너지솔루션,394500.0,397000.0,390500.0,391500.0,False,0.7,,,,,,,,,
2024-05-07,593,2024,5,7,Tuesday,373220,LG에너지솔루션,394500.0,397000.0,390500.0,391500.0,False,0.7,,,,,,,,,
2024-05-08,594,2024,5,8,Wednesday,373220,LG에너지솔루션,391000.0,395000.0,387500.0,393000.0,False,0.7,,,,,,,,,
2024-05-09,595,2024,5,9,Thursday,373220,LG에너지솔루션,390000.0,393000.0,383000.0,388500.0,False,0.7,,,,,,,,,
2024-05-10,596,2024,5,10,Friday,373220,LG에너지솔루션,390500.0,390500.0,383500.0,383500.0,False,0.7,,,,,,,,,
2024-05-13,597,2024,5,13,Monday,373220,LG에너지솔루션,384000.0,384500.0,379000.0,381500.0,False,0.7,,,,,,,,,
2024-05-14,598,2024,5,14,Tuesday,373220,LG에너지솔루션,382500.0,388000.0,382500.0,385500.0,False,0.7,,,,,,,,,
2024-05-15,599,2024,5,15,Wednesday,373220,LG에너지솔루션,389000.0,390000.0,381500.0,381500.0,False,0.7,,,,,,,,,
2024-05-16,600,2024,5,16,Thursday,373220,LG에너지솔루션,389000.0,390000.0,381500.0,381500.0,False,0.7,,,,,,,,,
2024-05-17,601,2024,5,17,Friday,373220,LG에너지솔루션,381500.0,384000.0,376000.0,376500.0,False,0.7,,,,,,,,,
2024-05-20,602,2024,5,20,Monday,373220,LG에너지솔루션,379000.0,379500.0,370000.0,372000.0,False,0.7,,,,,,,,,
2024-05-21,603,2024,5,21,Tuesday,373220,LG에너지솔루션,367500.0,370000.0,364000.0,364500.0,False,0.7,,,,,,,,,
2024-05-22,604,2024,5,22,Wednesday,373220,LG에너지솔루션,366500.0,369500.0,364000.0,364000.0,False,0.7,,,,,,,,,
2024-05-23,605,2024,5,23,Thursday,373220,LG에너지솔루션,364000.0,366000.0,360000.0,362000.0,False,0.7,,,,,,,,,
2024-05-24,606,2024,5,24,Friday,373220,LG에너지솔루션,358500.0,359000.0,355500.0,356000.0,False,0.7,,,,,,,,,
2024-05-27,607,2024,5,27,Monday,373220,LG에너지솔루션,357000.0,366000.0,355500.0,364500.0,False,0.7,,,,,,,,,
2024-05-28,608,2024,5,28,Tuesday,373220,LG에너지솔루션,363500.0,363500.0,359000.0,360000.0,False,0.7,,,,,,,,,
2024-05-29,609,2024,5,29,Wednesday,373220,LG에너지솔루션,356500.0,361000.0,342000.0,342000.0,False,0.7,,,,,,,,,
2024-05-30,610,2024,5,30,Thursday,373220,LG에너지솔루션,342000.0,343500.0,326000.0,328000.0,False,0.7,,,,,,,,,
2024-05-31,611,2024,5,31,Friday,373220,LG에너지솔루션,331500.0,335500.0,328000.0,331000.0,False,0.7,,,,,,,,,
2024-06-03,612,2024,6,3,Monday,373220,LG에너지솔루션,330500.0,341000.0,329500.0,332000.0,False,0.7,,,,,,,,,
2024-06-04,613,2024,6,4,Tuesday,373220,LG에너지솔루션,329500.0,340000.0,329000.0,336500.0,False,0.7,,,,,,,,,
2024-06-05,614,2024,6,5,Wednesday,373220,LG에너지솔루션,339000.0,359500.0,338000.0,351500.0,False,0.7,,,,,,,,,
2024-06-06,615,2024,6,6,Thursday,373220,LG에너지솔루션,355000.0,360000.0,352500.0,359000.0,False,0.7,,,,,,,,,
2024-06-07,616,2024,6,7,Friday,373220,LG에너지솔루션,355000.0,360000.0,352500.0,359000.0,False,0.7,,,,,,,,,
2024-06-10,617,2024,6,10,Monday,373220,LG에너지솔루션,355500.0,358500.0,350000.0,353000.0,False,0.7,,,,,,,,,
2024-06-11,618,2024,6,11,Tuesday,373220,LG에너지솔루션,354000.0,365000.0,353000.0,356500.0,False,0.7,,,,,,,,,
2024-06-12,619,2024,6,12,Wednesday,373220,LG에너지솔루션,356500.0,361000.0,350500.0,351500.0,False,0.7,,,,,,,,,
2024-06-13,620,2024,6,13,Thursday,373220,LG에너지솔루션,356000.0,363000.0,349000.0,363000.0,False,0.7,,,,,,,,,
2024-06-14,621,2024,6,14,Friday,373220,LG에너지솔루션,363000.0,363000.0,349000.0,349000.0,False,0.7,,,,,,,,,
2024-06-17,622,2024,6,17,Monday,373220,LG에너지솔루션,345000.0,346000.0,336500.0,336500.0,False,0.7,,,,,,,,,
2024-06-18,623,2024,6,18,Tuesday,373220,LG에너지솔루션,340000.0,343500.0,331000.0,331000.0,False,0.7,,,,,,,,,
2024-06-19,624,2024,6,19,Wednesday,373220,LG에너지솔루션,332500.0,344500.0,332000.0,343000.0,False,0.7,,,,,,,,,
2024-06-20,625,2024,6,20,Thursday,373220,LG에너지솔루션,343000.0,346000.0,340000.0,340000.0,False,0.7,,,,,,,,,
2024-06-21,626,2024,6,21,Friday,373220,LG에너지솔루션,338000.0,343000.0,333000.0,333000.0,False,0.7,,,,,,,,,
2024-06-24,627,2024,6,24,Monday,373220,LG에너지솔루션,334000.0,336000.0,330500.0,331000.0,False,0.7,,,,,,,,,
2024-06-25,628,2024,6,25,Tuesday,373220,LG에너지솔루션,334000.0,336000.0,331000.0,331000.0,False,0.7,,,,,,,,,
2024-06-26,629,2024,6,26,Wednesday,373220,LG에너지솔루션,330500.0,338000.0,330000.0,331000.0,False,0.7,,,,,,,,,
2024-06-27,630,2024,6,27,Thursday,373220,LG에너지솔루션,331500.0,334000.0,327500.0,328000.0,False,0.7,,,,,,,,,
2024-06-28,631,2024,6,28,Friday,373220,LG에너지솔루션,327000.0,331500.0,322500.0,326500.0,False,0.7,,,,,,,,,
2024-07-01,632,2024,7,1,Monday,373220,LG에너지솔루션,328000.0,348500.0,325500.0,347000.0,False,0.7,,,,,,,,,
2024-07-02,633,2024,7,2,Tuesday,373220,LG에너지솔루션,353000.0,362000.0,341500.0,343500.0,False,0.7,,,,,,,,,
2024-07-03,634,2024,7,3,Wednesday,373220,LG에너지솔루션,360000.0,369500.0,353000.0,358000.0,False,0.7,,,,,,,,,
2024-07-04,635,2024,7,4,Thursday,373220,LG에너지솔루션,364000.0,367000.0,355500.0,359000.0,False,0.7,,,,,,,,,
2024-07-05,636,2024,7,5,Friday,373220,LG에너지솔루션,359000.0,361500.0,352000.0,357500.0,False,0.7,,,,,,,,,
2024-07-08,637,2024,7,8,Monday,373220,LG에너지솔루션,358000.0,364000.0,352500.0,358500.0,False,0.7,,,,,,,,,
2024-07-09,638,2024,7,9,Tuesday,373220,LG에너지솔루션,359000.0,370000.0,358000.0,363000.0,False,0.7,,,,,,,,,
2024-07-10,639,2024,7,10,Wednesday,373220,LG에너지솔루션,363000.0,367000.0,360500.0,362000.0,False,0.7,,,,,,,,,
2024-07-11,640,2024,7,11,Thursday,373220,LG에너지솔루션,364500.0,375000.0,357500.0,375000.0,False,0.7,,,,,,,,,
2024-07-12,641,2024,7,12,Friday,373220,LG에너지솔루션,371000.0,375000.0,368500.0,373000.0,False,0.7,,,,,,,,,
2024-07-15,642,2024,7,15,Monday,373220,LG에너지솔루션,373000.0,373500.0,357500.0,358500.0,False,0.7,,,,,,,,,
2024-07-16,643,2024,7,16,Tuesday,373220,LG에너지솔루션,359000.0,360000.0,343000.0,346500.0,False,0.7,,,,,,,,,
2024-07-17,644,2024,7,17,Wednesday,373220,LG에너지솔루션,346000.0,348000.0,335500.0,336500.0,False,0.7,,,,,,,,,
2024-07-18,645,2024,7,18,Thursday,373220,LG에너지솔루션,333000.0,342500.0,331500.0,335000.0,False,0.7,,,,,,,,,
2024-07-19,646,2024,7,19,Friday,373220,LG에너지솔루션,335000.0,347500.0,335000.0,345500.0,False,0.7,,,,,,,,,
2024-07-22,647,2024,7,22,Monday,373220,LG에너지솔루션,343000.0,343000.0,328000.0,328500.0,False,0.7,,,,,,,,,
2024-07-23,648,2024,7,23,Tuesday,373220,LG에너지솔루션,330500.0,333500.0,324000.0,326000.0,False,0.7,,,,,,,,,
2024-07-24,649,2024,7,24,Wednesday,373220,LG에너지솔루션,324000.0,330000.0,320000.0,321500.0,False,0.7,,,,,,,,,
2024-07-25,650,2024,7,25,Thursday,373220,LG에너지솔루션,315000.0,342500.0,313000.0,332500.0,False,0.7,,,,,,,,,
2024-07-26,651,2024,7,26,Friday,373220,LG에너지솔루션,332000.0,334000.0,322500.0,325000.0,False,0.7,,,,,,,,,
2024-07-29,652,2024,7,29,Monday,373220,LG에너지솔루션,323500.0,333000.0,321500.0,329500.0,False,0.7,,,,,,,,,
2024-07-30,653,2024,7,30,Tuesday,373220,LG에너지솔루션,326000.0,342000.0,326000.0,333000.0,False,0.7,,,,,,,,,
2024-07-31,654,2024,7,31,Wednesday,373220,LG에너지솔루션,334000.0,335000.0,323000.0,324000.0,False,0.7,,,,,,,,,
2024-08-01,655,2024,8,1,Thursday,373220,LG에너지솔루션,325000.0,337000.0,322000.0,333500.0,False,0.7,,,,,,,,,
2024-08-02,656,2024,8,2,Friday,373220,LG에너지솔루션,326000.0,337500.0,324000.0,336000.0,False,0.7,,,,,,,,,
2024-08-05,657,2024,8,5,Monday,373220,LG에너지솔루션,332500.0,340000.0,311000.0,322000.0,False,0.7,,,,,,,,,
2024-08-06,658,2024,8,6,Tuesday,373220,LG에너지솔루션,331500.0,342000.0,328000.0,337000.0,False,0.7,,,,,,,,,
2024-08-07,659,2024,8,7,Wednesday,373220,LG에너지솔루션,332500.0,338500.0,322500.0,324500.0,False,0.7,,,,,,,,,
2024-08-08,660,2024,8,8,Thursday,373220,LG에너지솔루션,324500.0,325500.0,311000.0,321000.0,False,0.7,,,,,,,,,
2024-08-09,661,2024,8,9,Friday,373220,LG에너지솔루션,323000.0,329000.0,317000.0,322000.0,False,0.7,,,,,,,,,
2024-08-12,662,2024,8,12,Monday,373220,LG에너지솔루션,321000.0,330000.0,321000.0,328500.0,False,0.7,,,,,,,,,
2024-08-13,663,2024,8,13,Tuesday,373220,LG에너지솔루션,325500.0,331500.0,322000.0,329500.0,False,0.7,,,,,,,,,
2024-08-14,664,2024,8,14,Wednesday,373220,LG에너지솔루션,334000.0,342000.0,332000.0,337000.0,False,0.7,,,,,,,,,
2024-08-15,665,2024,8,15,Thursday,373220,LG에너지솔루션,343500.0,344500.0,335500.0,336500.0,False,0.7,,,,,,,,,
2024-08-16,666,2024,8,16,Friday,373220,LG에너지솔루션,343500.0,344500.0,335500.0,336500.0,False,0.7,,,,,,,,,
2024-08-19,667,2024,8,19,Monday,373220,LG에너지솔루션,336500.0,336500.0,328000.0,329500.0,False,0.7,,,,,,,,,
2024-08-20,668,2024,8,20,Tuesday,373220,LG에너지솔루션,333000.0,334000.0,327000.0,330000.0,False,0.7,,,,,,,,,
2024-08-21,669,2024,8,21,Wednesday,373220,LG에너지솔루션,333000.0,353000.0,332000.0,350000.0,False,0.7,,,,,,,,,
2024-08-22,670,2024,8,22,Thursday,373220,LG에너지솔루션,351500.0,364000.0,348500.0,363000.0,False,0.7,,,,,,,,,
2024-08-23,671,2024,8,23,Friday,373220,LG에너지솔루션,359500.0,366000.0,357000.0,359000.0,False,0.7,,,,,,,,,
2024-08-26,672,2024,8,26,Monday,373220,LG에너지솔루션,365500.0,378000.0,361500.0,378000.0,False,0.7,,,,,,,,,
2024-08-27,673,2024,8,27,Tuesday,373220,LG에너지솔루션,378500.0,383000.0,371500.0,376500.0,False,0.7,,,,,,,,,
2024-08-28,674,2024,8,28,Wednesday,373220,LG에너지솔루션,375000.0,379000.0,366500.0,368500.0,False,0.7,,,,,,,,,
2024-08-29,675,2024,8,29,Thursday,373220,LG에너지솔루션,371000.0,394000.0,370000.0,391000.0,False,0.7,,,,,,,,,
2024-08-30,676,2024,8,30,Friday,373220,LG에너지솔루션,391000.0,391500.0,381500.0,388000.0,False,0.7,,,,,,,,,
2024-09-02,677,2024,9,2,Monday,373220,LG에너지솔루션,392000.0,416500.0,392000.0,412000.0,False,0.7,,,,,,,,,
2024-09-03,678,2024,9,3,Tuesday,373220,LG에너지솔루션,416500.0,419000.0,407000.0,411000.0,False,0.7,,,,,,,,,
2024-09-04,679,2024,9,4,Wednesday,373220,LG에너지솔루션,399000.0,410000.0,396500.0,399500.0,False,0.7,,,,,,,,,
2024-09-05,680,2024,9,5,Thursday,373220,LG에너지솔루션,410500.0,418000.0,401000.0,410000.0,False,0.7,,,,,,,,,
2024-09-06,681,2024,9,6,Friday,373220,LG에너지솔루션,412000.0,412500.0,392500.0,395000.0,False,0.7,,,,,,,,,
2024-09-09,682,2024,9,9,Monday,373220,LG에너지솔루션,388500.0,404000.0,386000.0,399500.0,False,0.7,,,,,,,,,
2024-09-10,683,2024,9,10,Tuesday,373220,LG에너지솔루션,398500.0,400000.0,378000.0,379500.0,False,0.7,,,,,,,,,
2024-09-11,684,2024,9,11,Wednesday,373220,LG에너지솔루션,380500.0,402500.0,380500.0,399000.0,False,0.7,,,,,,,,,
2024-09-12,685,2024,9,12,Thursday,373220,LG에너지솔루션,403500.0,414000.0,395000.0,414000.0,False,0.7,,,,,,,,,
2024-09-13,686,2024,9,13,Friday,373220,LG에너지솔루션,413500.0,414000.0,399500.0,399500.0,False,0.7,,,,,,,,,
2024-09-16,687,2024,9,16,Monday,373220,LG에너지솔루션,405000.0,409500.0,391000.0,391500.0,False,0.7,,,,,,,,,
2024-09-17,688,2024,9,17,Tuesday,373220,LG에너지솔루션,405000.0,409500.0,391000.0,391500.0,False,0.7,,,,,,,,,
2024-09-18,689,2024,9,18,Wednesday,373220,LG에너지솔루션,405000.0,409500.0,391000.0,391500.0,False,0.7,,,,,,,,,
2024-09-19,690,2024,9,19,Thursday,373220,LG에너지솔루션,405000.0,409500.0,391000.0,391500.0,False,0.7,,,,,,,,,
2024-09-20,691,2024,9,20,Friday,373220,LG에너지솔루션,398500.0,407000.0,392500.0,393500.0,False,0.7,,,,,,,,,
2024-09-23,692,2024,9,23,Monday,373220,LG에너지솔루션,397000.0,402500.0,390500.0,397000.0,False,0.7,,,,,,,,,
2024-09-24,693,2024,9,24,Tuesday,373220,LG에너지솔루션,401000.0,413000.0,401000.0,413000.0,False,0.7,,,,,,,,,
2024-09-25,694,2024,9,25,Wednesday,373220,LG에너지솔루션,415000.0,420000.0,409000.0,413500.0,False,0.7,,,,,,,,,
2024-09-26,695,2024,9,26,Thursday,373220,LG에너지솔루션,410500.0,415500.0,402500.0,413500.0,False,0.7,,,,,,,,,
2024-09-27,696,2024,9,27,Friday,373220,LG에너지솔루션,413000.0,418000.0,406500.0,414500.0,False,0.7,,,,,,,,,
2024-09-30,697,2024,9,30,Monday,373220,LG에너지솔루션,419500.0,430000.0,414500.0,414500.0,False,0.7,,,,,,,,,
2024-10-01,698,2024,10,1,Tuesday,373220,LG에너지솔루션,409500.0,421500.0,408500.0,408500.0,False,0.7,,,,,,,,,
2024-10-02,699,2024,10,2,Wednesday,373220,LG에너지솔루션,409500.0,421500.0,408500.0,408500.0,False,0.7,,,,,,,,,
2024-10-03,700,2024,10,3,Thursday,373220,LG에너지솔루션,403500.0,406000.0,396000.0,403500.0,False,0.7,,,,,,,,,
2024-10-04,701,2024,10,4,Friday,373220,LG에너지솔루션,403500.0,406000.0,396000.0,403500.0,False,0.7,,,,,,,,,
2024-10-07,702,2024,10,7,Monday,373220,LG에너지솔루션,413500.0,426000.0,409000.0,420000.0,False,0.7,,,,,,,,,
2024-10-08,703,2024,10,8,Tuesday,373220,LG에너지솔루션,416500.0,444000.0,412000.0,436500.0,False,0.7,,,,,,,,,
2024-10-09,704,2024,10,9,Wednesday,373220,LG에너지솔루션,432000.0,433000.0,421000.0,427000.0,False,0.7,,,,,,,,,
2024-10-10,705,2024,10,10,Thursday,373220,LG에너지솔루션,432000.0,433000.0,421000.0,427000.0,False,0.7,,,,,,,,,
2024-10-11,706,2024,10,11,Friday,373220,LG에너지솔루션,426500.0,428500.0,408500.0,411000.0,False,0.7,,,,,,,,,
2024-10-14,707,2024,10,14,Monday,373220,LG에너지솔루션,407500.0,413500.0,402500.0,406000.0,False,0.7,,,,,,,,,
2024-10-15,708,2024,10,15,Tuesday,373220,LG에너지솔루션,407500.0,409000.0,389500.0,403500.0,False,0.7,,,,,,,,,
2024-10-16,709,2024,10,16,Wednesday,373220,LG에너지솔루션,415000.0,415000.0,404500.0,404500.0,False,0.7,,,,,,,,,
2024-10-17,710,2024,10,17,Thursday,373220,LG에너지솔루션,403000.0,411000.0,397000.0,397000.0,False,0.7,,,,,,,,,
2024-10-18,711,2024,10,18,Friday,373220,LG에너지솔루션,396500.0,399000.0,385000.0,388500.0,False,0.7,,,,,,,,,
2024-10-21,712,2024,10,21,Monday,373220,LG에너지솔루션,389000.0,393500.0,387500.0,389500.0,False,0.7,,,,,,,,,
2024-10-22,713,2024,10,22,Tuesday,373220,LG에너지솔루션,386500.0,388000.0,376500.0,381500.0,False,0.7,,,,,,,,,
2024-10-23,714,2024,10,23,Wednesday,373220,LG에너지솔루션,381500.0,405500.0,381500.0,403000.0,False,0.7,,,,,,,,,
2024-10-24,715,2024,10,24,Thursday,373220,LG에너지솔루션,411000.0,419000.0,403000.0,406500.0,False,0.7,,,,,,,,,
2024-10-25,716,2024,10,25,Friday,373220,LG에너지솔루션,419000.0,419000.0,406500.0,407000.0,False,0.7,,,,,,,,,
2024-10-28,717,2024,10,28,Monday,373220,LG에너지솔루션,403000.0,417500.0,403000.0,416500.0,False,0.7,,,,,,,,,
2024-10-29,718,2024,10,29,Tuesday,373220,LG에너지솔루션,410000.0,412500.0,400500.0,409000.0,False,0.7,,,,,,,,,
2024-10-30,719,2024,10,30,Wednesday,373220,LG에너지솔루션,406500.0,417500.0,405000.0,411500.0,False,0.7,,,,,,,,,
2024-10-31,720,2024,10,31,Thursday,373220,LG에너지솔루션,408000.0,417000.0,404500.0,407500.0,False,0.7,,,,,,,,,
2024-11-01,721,2024,11,1,Friday,373220,LG에너지솔루션,405000.0,419000.0,404500.0,412500.0,False,0.7,,,,,,,,,
2024-11-04,722,2024,11,4,Monday,373220,LG에너지솔루션,417000.0,427000.0,408000.0,426000.0,False,0.7,,,,,,,,,
2024-11-05,723,2024,11,5,Tuesday,373220,LG에너지솔루션,422000.0,425500.0,416500.0,420000.0,False,0.7,,,,,,,,,
2024-11-06,724,2024,11,6,Wednesday,373220,LG에너지솔루션,426500.0,429000.0,386000.0,390500.0,False,0.7,,,,,,,,,
2024-11-07,725,2024,11,7,Thursday,373220,LG에너지솔루션,389000.0,391000.0,375000.0,386000.0,False,0.7,,,,,,,,,
2024-11-08,726,2024,11,8,Friday,373220,LG에너지솔루션,394500.0,408500.0,394000.0,398500.0,False,0.7,,,,,,,,,
2024-11-11,727,2024,11,11,Monday,373220,LG에너지솔루션,435000.0,435500.0,415000.0,416000.0,False,0.7,,,,,,,,,
2024-11-12,728,2024,11,12,Tuesday,373220,LG에너지솔루션,418000.0,433500.0,416000.0,427000.0,False,0.7,,,,,,,,,
2024-11-13,729,2024,11,13,Wednesday,373220,LG에너지솔루션,421500.0,425000.0,411500.0,412000.0,False,0.7,,,,,,,,,
2024-11-14,730,2024,11,14,Thursday,373220,LG에너지솔루션,421500.0,423000.0,405000.0,422000.0,False,0.7,,,,,,,,,
2024-11-15,731,2024,11,15,Friday,373220,LG에너지솔루션,403000.0,403500.0,371000.0,371000.0,False,0.7,,,,,,,,,
2024-11-18,732,2024,11,18,Monday,373220,LG에너지솔루션,375000.0,385500.0,375000.0,383500.0,False,0.7,,,,,,,,,
2024-11-19,733,2024,11,19,Tuesday,373220,LG에너지솔루션,384500.0,395500.0,380500.0,393500.0,False,0.7,,,,,,,,,
2024-11-20,734,2024,11,20,Wednesday,373220,LG에너지솔루션,393500.0,402500.0,390000.0,400500.0,False,0.7,,,,,,,,,
2024-11-21,735,2024,11,21,Thursday,373220,LG에너지솔루션,399000.0,406500.0,394500.0,400500.0,False,0.7,,,,,,,,,
2024-11-22,736,2024,11,22,Friday,373220,LG에너지솔루션,403500.0,409500.0,402000.0,405000.0,False,0.7,,,,,,,,,
2024-11-25,737,2024,11,25,Monday,373220,LG에너지솔루션,410000.0,425000.0,408000.0,419500.0,False,0.7,,,,,,,,,
2024-11-26,738,2024,11,26,Tuesday,373220,LG에너지솔루션,417000.0,422000.0,405000.0,406000.0,False,0.7,,,,,,,,,
2024-11-27,739,2024,11,27,Wednesday,373220,LG에너지솔루션,408500.0,414000.0,399500.0,400500.0,False,0.7,,,,,,,,,
2024-11-28,740,2024,11,28,Thursday,373220,LG에너지솔루션,400000.0,405500.0,399000.0,402500.0,False,0.7,,,,,,,,,
2024-11-29,741,2024,11,29,Friday,373220,LG에너지솔루션,400000.0,402500.0,380000.0,381500.0,False,0.7,,,,,,,,,
2024-12-02,742,2024,12,2,Monday,373220,LG에너지솔루션,387000.0,397500.0,385000.0,391500.0,False,0.7,,,,,,,,,
2024-12-03,743,2024,12,3,Tuesday,373220,LG에너지솔루션,393500.0,401000.0,385000.0,397000.0,False,0.7,,,,,,,,,
2024-12-04,744,2024,12,4,Wednesday,373220,LG에너지솔루션,391000.0,395000.0,384500.0,389000.0,False,0.7,,,,,,,,,
2024-12-05,745,2024,12,5,Thursday,373220,LG에너지솔루션,389000.0,395000.0,382000.0,382000.0,False,0.7,,,,,,,,,
2024-12-06,746,2024,12,6,Friday,373220,LG에너지솔루션,383000.0,397000.0,383000.0,390500.0,False,0.7,,,,,,,,,
2024-12-09,747,2024,12,9,Monday,373220,LG에너지솔루션,385500.0,397500.0,379500.0,387500.0,False,0.7,,,,,,,,,
2024-12-10,748,2024,12,10,Tuesday,373220,LG에너지솔루션,392000.0,396000.0,384500.0,385000.0,False,0.7,,,,,,,,,
2024-12-11,749,2024,12,11,Wednesday,373220,LG에너지솔루션,388000.0,391000.0,376500.0,378000.0,False,0.7,,,,,,,,,
2024-12-12,750,2024,12,12,Thursday,373220,LG에너지솔루션,383000.0,404500.0,374000.0,404500.0,False,0.7,,,,,,,,,
2024-12-13,751,2024,12,13,Friday,373220,LG에너지솔루션,396000.0,400000.0,389500.0,400000.0,False,0.7,,,,,,,,,
2024-12-16,752,2024,12,16,Monday,373220,LG에너지솔루션,399000.0,402500.0,394500.0,398000.0,False,0.7,,,,,,,,,
2024-12-17,753,2024,12,17,Tuesday,373220,LG에너지솔루션,398500.0,405000.0,378500.0,382500.0,False,0.7,,,,,,,,,
2024-12-18,754,2024,12,18,Wednesday,373220,LG에너지솔루션,384000.0,386000.0,380000.0,381500.0,False,0.7,,,,,,,,,
2024-12-19,755,2024,12,19,Thursday,373220,LG에너지솔루션,373500.0,380000.0,368000.0,372000.0,False,0.7,,,,,,,,,
2024-12-20,756,2024,12,20,Friday,373220,LG에너지솔루션,375000.0,377000.0,356000.0,357500.0,False,0.7,,,,,,,,,
2024-12-23,757,2024,12,23,Monday,373220,LG에너지솔루션,359000.0,361500.0,345000.0,359000.0,False,0.7,,,,,,,,,
2024-12-24,758,2024,12,24,Tuesday,373220,LG에너지솔루션,361500.0,362000.0,350000.0,350000.0,False,0.7,,,,,,,,,
2024-12-25,759,2024,12,25,Wednesday,373220,LG에너지솔루션,351500.0,352000.0,343500.0,344500.0,False,0.7,,,,,,,,,
2024-12-26,760,2024,12,26,Thursday,373220,LG에너지솔루션,351500.0,352000.0,343500.0,344500.0,False,0.7,,,,,,,,,
2024-12-27,761,2024,12,27,Friday,373220,LG에너지솔루션,341000.0,350500.0,340500.0,348000.0,False,0.7,,,,,,,,,
2024-12-30,762,2024,12,30,Monday,373220,LG에너지솔루션,345000.0,358500.0,345000.0,348000.0,False,0.7,,,,,,,,,
2024-12-31,763,2024,12,31,Tuesday,373220,LG에너지솔루션,348500.0,352500.0,342500.0,346000.0,False,0.7,,,,,,,,,
2025-01-01,764,2025,1,1,Wednesday,373220,LG에너지솔루션,348500.0,352500.0,342500.0,346000.0,False,0.7,,,,,,,,,
2025-01-02,765,2025,1,2,Thursday,373220,LG에너지솔루션,348500.0,352500.0,342500.0,346000.0,False,0.7,,,,,,,,,
2025-01-03,766,2025,1,3,Friday,373220,LG에너지솔루션,343000.0,360500.0,343000.0,356000.0,False,0.7,,,,,,,,,
2025-01-06,767,2025,1,6,Monday,373220,LG에너지솔루션,358000.0,365500.0,353500.0,361500.0,False,0.7,,,,,,,,,
2025-01-07,768,2025,1,7,Tuesday,373220,LG에너지솔루션,363500.0,372000.0,361500.0,365500.0,False,0.7,,,,,,,,,
2025-01-08,769,2025,1,8,Wednesday,373220,LG에너지솔루션,364500.0,376000.0,364000.0,373500.0,False,0.7,,,,,,,,,
2025-01-09,770,2025,1,9,Thursday,373220,LG에너지솔루션,371500.0,373000.0,348500.0,358500.0,False,0.7,,,,,,,,,
2025-01-10,771,2025,1,10,Friday,373220,LG에너지솔루션,356000.0,357500.0,348000.0,348500.0,False,0.7,,,,,,,,,
2025-01-13,772,2025,1,13,Monday,373220,LG에너지솔루션,346500.0,350500.0,345500.0,347500.0,False,0.7,,,,,,,,,
2025-01-14,773,2025,1,14,Tuesday,373220,LG에너지솔루션,350000.0,360000.0,350000.0,358000.0,False,0.7,,,,,,,,,
2025-01-15,774,2025,1,15,Wednesday,373220,LG에너지솔루션,359000.0,361000.0,351500.0,351500.0,False,0.7,,,,,,,,,
2025-01-16,775,2025,1,16,Thursday,373220,LG에너지솔루션,358500.0,361500.0,352000.0,352000.0,False,0.7,,,,,,,,,
2025-01-17,776,2025,1,17,Friday,373220,LG에너지솔루션,352000.0,355500.0,350500.0,350500.0,False,0.7,,,,,,,,,
2025-01-20,777,2025,1,20,Monday,373220,LG에너지솔루션,352000.0,372000.0,351500.0,370500.0,False,0.7,,,,,,,,,
2025-01-21,778,2025,1,21,Tuesday,373220,LG에너지솔루션,365000.0,370000.0,349500.0,354500.0,False,0.7,,,,,,,,,
2025-01-22,779,2025,1,22,Wednesday,373220,LG에너지솔루션,356000.0,363000.0,355500.0,360000.0,False,0.7,,,,,,,,,
2025-01-23,780,2025,1,23,Thursday,373220,LG에너지솔루션,356500.0,359500.0,353500.0,353500.0,False,0.7,,,,,,,,,
2025-01-24,781,2025,1,24,Friday,373220,LG에너지솔루션,355500.0,357500.0,348000.0,353500.0,False,0.7,,,,,,,,,
2025-01-27,782,2025,1,27,Monday,373220,LG에너지솔루션,,,,,True,0.7,2025-01-24,1.0,,349162.4566671388,False,False,359130.6925077498,349162.45666713885,359130.6925077498
2025-01-28,783,2025,1,28,Tuesday,373220,LG에너지솔루션,,,,,True,0.7,2025-01-24,2.0,,347733.2962024715,False,False,361855.36276155675,344034.42373348214,364046.94416097784
2025-01-29,784,2025,1,29,Wednesday,373220,LG에너지솔루션,,,,,True,0.7,2025-01-24,3.0,,346780.05688586785,False,False,364106.47678303136,339023.16845314566,369074.8474800461
2025-01-30,785,2025,1,30,Thursday,373220,LG에너지솔루션,,,,,True,0.7,2025-01-24,4.0,,346072.3404139313,False,False,366114.4371848758,334087.34168004873,374173.7930466008
2025-01-31,786,2025,1,31,Friday,373220,LG에너지솔루션,,,,,True,0.7,2025-01-24,5.0,,345521.07333746273,False,False,367968.32173343375,329223.23355364735,379341.9018629581
2025-02-03,787,2025,2,3,Monday,373220,LG에너지솔루션,,,,,True,0.7,2025-01-24,6.0,,345080.6560820527,False,False,369713.7343281131,324430.4765644143,384580.9137579452
2025-02-04,788,2025,2,4,Tuesday,373220,LG에너지솔루션,,,,,True,0.7,2025-01-24,7.0,,344724.0484974951,False,False,371377.7194519858,319707.94119543117,389891.7255388341
2025-02-05,789,2025,2,5,Wednesday,373220,LG에너지솔루션,,,,,True,0.7,2025-01-24,8.0,,344433.66337414045,False,False,372977.8686554495,315054.58561110054,395275.3276373483
2025-02-06,790,2025,2,6,Thursday,373220,LG에너지솔루션,,,,,True,0.7,2025-01-24,9.0,,344197.30590958253,False,False,374526.38108955487,310469.38180734124,400732.7215279526
2025-02-07,791,2025,2,7,Friday,373220,LG에너지솔루션,,,,,True,0.7,2025-01-24,10.0,,344006.11256774794,False,False,376032.12464693066,305951.31720920984,406264.9219991095
2025-02-10,792,2025,2,10,Monday,373220,LG에너지솔루션,,,,,True,0.7,2025-01-24,11.0,,343853.4036856549,False,False,377501.78335503914,301499.39483909146,411872.9578604458
2025-02-11,793,2025,2,11,Tuesday,373220,LG에너지솔루션,,,,,True,0.7,2025-01-24,12.0,,343733.9988015942,False,False,378940.54204800917,297112.63298940804,417557.872044487
2025-02-12,794,2025,2,12,Wednesday,373220,LG에너지솔루션,,,,,True,0.7,2025-01-24,13.0,,343643.7852805019,False,False,380352.51774127875,292790.0649784263,423320.7218078199
2025-02-13,795,2025,2,13,Thursday,373220,LG에너지솔루션,,,,,True,0.7,2025-01-24,14.0,,343579.43436848023,False,False,381741.04357708746,288530.73890498444,429162.57892778417
2025-02-14,796,2025,2,14,Friday,373220,LG에너지솔루션,,,,,True,0.7,2025-01-24,15.0,,343538.2074292149,False,False,383108.8625880749,284333.7174077421,435084.5299018951
2025-02-17,797,2025,2,17,Monday,373220,LG에너지솔루션,,,,,True,0.7,2025-01-24,16.0,,343517.81966124725,False,False,384458.26398002193,280198.0774288776,441087.6761500723
2025-02-18,798,2025,2,18,Tuesday,373220,LG에너지솔루션,,,,,True,0.7,2025-01-24,17.0,,343516.3417449232,False,False,385791.18148491695,276122.9099820819,447173.1342196408
2025-02-19,799,2025,2,19,Wednesday,373220,LG에너지솔루션,,,,,True,0.7,2025-01-24,18.0,,343532.1272702413,False,False,387109.26593312196,272107.31992476515,453342.03599314933
2025-02-20,800,2025,2,20,Thursday,373220,LG에너지솔루션,,,,,True,0.7,2025-01-24,19.0,,343563.7581427393,False,False,388413.93984750105,268150.4257343828,459595.52889904566
2025-02-21,801,2025,2,21,Friday,373220,LG에너지솔루션,,,,,True,0.7,2025-01-24,20.0,,343610.00280997297,False,False,389706.4392169556,264251.3592887962,465934.7761252472
2025-02-24,802,2025,2,24,Monday,373220,LG에너지솔루션,,,,,True,0.7,2025-01-24,21.0,,343669.783812897,False,False,390987.8459450584,260409.26565057944,472360.95683564746
2025-02-25,803,2025,2,25,Tuesday,373220,LG에너지솔루션,,,,,True,0.7,2025-01-24,22.0,,343742.1522395572,False,False,392259.113396376,256623.30285519102,478875.2663895979
2025-02-26,804,2025,2,26,Wednesday,373220,LG에너지솔루션,,,,,True,0.7,2025-01-24,23.0,,343826.2673686448,False,False,393521.08675292926,252892.64170292736,485478.91656440677
2025-02-27,805,2025,2,27,Thursday,373220,LG에너지솔루션,,,,,True,0.7,2025-01-24,24.0,,343921.38027078076,False,False,394774.5194129234,249216.4655545801,492173.1357808953
2025-02-28,806,2025,2,28,Friday,373220,LG에너지솔루션,,,,,True,0.7,2025-01-24,25.0,,344026.8204667089,False,False,396020.08633256983,245593.970130719,498959.16933205444
2025-03-03,807,2025,3,3,Monday,373220,LG에너지솔루션,,,,,True,0.7,2025-01-24,26.0,,344141.984974187,False,False,397258.3949792099,242024.36331452552,505838.279614844
2025-03-04,808,2025,3,4,Tuesday,373220,LG에너지솔루션,,,,,True,0.7,2025-01-24,27.0,,344266.3292413249,False,False,398489.9943979915,238506.8649581034,512811.7463651771
2025-03-05,809,2025,3,5,Wednesday,373220,LG에너지솔루션,,,,,True,0.7,2025-01-24,28.0,,344399.3595842806,False,False,399715.38277418766,235040.70669219477,519880.86689613445
2025-03-06,810,2025,3,6,Thursday,373220,LG에너지솔루션,,,,,True,0.7,2025-01-24,29.0,,344540.62683539436,False,False,400935.0137850772,231625.13173923144,527046.9563394524
2025-03-07,811,2025,3,7,Friday,373220,LG에너지솔루션,,,,,True,0.7,2025-01-24,30.0,,344689.7209733494,False,False,402149.3019697997,228259.39472965372,534311.3478903292
2025-03-10,812,2025,3,10,Monday,373220,LG에너지솔루션,,,,,True,0.7,2025-01-24,31.0,,344846.26655616733,False,False,403358.62729637383,224942.76152142987,541675.3930555957
2025-03-11,813,2025,3,11,Tuesday,373220,LG에너지솔루션,,,,,True,0.7,2025-01-24,32.0,,345009.91881522886,False,False,404563.3390676922,221674.5090227113,549140.4619052971
2025-03-12,814,2025,3,12,Wednesday,373220,LG에너지솔루션,,,,,True,0.7,2025-01-24,33.0,,345180.3602971727,False,False,405763.7592796376,218453.92501756072,556707.943327731
2025-03-13,815,2025,3,13,Thursday,373220,LG에너지솔루션,,,,,True,0.7,2025-01-24,34.0,,345357.2979627095,False,False,406960.1855222831,215280.30799469043,564379.2452879909
2025-03-14,816,2025,3,14,Friday,373220,LG에너지솔루션,,,,,True,0.7,2025-01-24,35.0,,345540.46066870145,False,False,408152.893497829,212152.9669791518,572155.7950900625
2025-03-17,817,2025,3,17,Monday,373220,LG에너지솔루션,,,,,True,0.7,2025-01-24,36.0,,345729.59697347705,False,False,409342.13921530155,209071.22136691568,580039.0396425214
2025-03-18,818,2025,3,18,Tuesday,373220,LG에너지솔루션,,,,,True,0.7,2025-01-24,37.0,,345924.4732161496,False,False,410528.16091125045,206034.40076228752,588030.4457278817
2025-03-19,819,2025,3,19,Wednesday,373220,LG에너지솔루션,,,,,True,0.7,2025-01-24,38.0,,346124.8718293211,False,False,411711.18073705974,203041.84481810036,596131.5002756472
2025-03-20,820,2025,3,20,Thursday,373220,LG에너지솔루션,,,,,True,0.7,2025-01-24,39.0,,346330.5898514777,False,False,412891.40624656726,200092.90307863118,604343.710639112
2025-03-21,821,2025,3,21,Friday,373220,LG에너지솔루션,,,,,True,0.7,2025-01-24,40.0,,346541.43761098175,False,False,414069.0317120884,197186.93482518714,612668.6048759689
2025-03-24,822,2025,3,24,Monday,373220,LG에너지솔루션,,,,,True,0.7,2025-01-24,41.0,,346757.23755811196,False,False,415244.23929239035,194323.3089243096,621107.7320327683
2025-03-25,823,2025,3,25,Tuesday,373220,LG에너지솔루션,,,,,True,0.7,2025-01-24,42.0,,346977.8232253311,False,False,416417.2000724401,191501.40367854488,629662.6624332913
2025-03-26,824,2025,3,26,Wednesday,373220,LG에너지솔루션,,,,,True,0.7,2025-01-24,43.0,,347203.0382990147,False,False,417588.07499169075,188720.60667973198,638334.9879708807
2025-03-27,825,2025,3,27,Thursday,373220,LG에너지솔루션,,,,,True,0.7,2025-01-24,44.0,,347432.7357884051,False,False,418757.01567514276,185980.31466475825,647126.322404793
2025-03-28,826,2025,3,28,Friday,373220,LG에너지솔루션,,,,,True,0.7,2025-01-24,45.0,,347666.77727965283,False,False,419924.16517931793,183279.93337373645,656038.3016606184
2025-03-31,827,2025,3,31,Monday,373220,LG에너지솔루션,,,,,True,0.7,2025-01-24,46.0,,347905.0322645542,False,False,421089.65866353695,180618.87741055567,665072.5841348321
2025-04-01,828,2025,4,1,Tuesday,373220,LG에너지솔루션,,,,,True,0.7,2025-01-24,47.0,,348147.3775350636,False,False,422253.6239954226,177996.57010576138,674230.8510035293
2025-04-02,829,2025,4,2,Wednesday,373220,LG에너지솔루션,,,,,True,0.7,2025-01-24,48.0,,348393.69663588604,False,False,423416.18229832244,175412.44338172037,683514.8065354006
2025-04-03,830,2025,4,3,Thursday,373220,LG에너지솔루션,,,,,True,0.7,2025-01-24,49.0,,348643.8793684985,False,False,424577.44844730303,172865.93762002673,692926.1784090108
2025-04-04,831,2025,4,4,Friday,373220,LG에너지솔루션,,,,,True,0.7,2025-01-24,50.0,,348897.82134082844,False,False,425737.5315194868,170356.50153110706,702466.7180344354
2025-04-07,832,2025,4,7,Monday,373220,LG에너지솔루션,,,,,True,0.7,2025-01-24,51.0,,349155.42355756747,False,False,426896.5352037535,167883.59202598318,712138.2008793163
2025-04-08,833,2025,4,8,Tuesday,373220,LG에너지솔루션,,,,,True,0.7,2025-01-24,52.0,,349416.59204673686,False,False,428054.55817419064,165446.67409015208,721942.4267993984
2025-04-09,834,2025,4,9,Wednesday,373220,LG에너지솔루션,,,,,True,0.7,2025-01-24,53.0,,349681.23751866963,False,False,429211.6944311266,163045.2206595435,731881.2203736074
2025-04-10,835,2025,4,10,Thursday,373220,LG에너지솔루션,,,,,True,0.7,2025-01-24,54.0,,349949.2750540435,False,False,430368.0336131133,160678.71249851622,741956.4312437323
2025-04-11,836,2025,4,11,Friday,373220,LG에너지솔루션,,,,,True,0.7,2025-01-24,55.0,,350220.62381800346,False,False,431523.6612828193,158346.63807985574,752169.9344587742
2025-04-14,837,2025,4,14,Monday,373220,LG에너지솔루션,,,,,True,0.7,2025-01-24,56.0,,350495.20679776266,False,False,432678.6591894443,156048.4934667358,762523.6308240263
2025-04-15,838,2025,4,15,Tuesday,373220,LG에너지솔루션,,,,,True,0.7,2025-01-24,57.0,,350772.95056137384,False,False,433833.1055099636,153783.7821966078,773019.4472549509
2025-04-16,839,2025,4,16,Wednesday,373220,LG에너지솔루션,,,,,True,0.7,2025-01-24,58.0,,351053.7850356258,False,False,434987.0750712468,151552.01516698315,783659.3371359193
2025-04-17,840,2025,4,17,Thursday,373220,LG에너지솔루션,,,,,True,0.7,2025-01-24,59.0,,351337.64330124843,False,False,436140.63955486903,149352.71052307292,794445.2806838785
2025-04-18,841,2025,4,18,Friday,373220,LG에너지솔루션,,,,,True,0.7,2025-01-24,60.0,,351624.461403811,False,False,437293.8676862279,147185.39354725188,805379.2853170175
2025-04-21,842,2025,4,21,Monday,373220,LG에너지솔루션,,,,,True,0.7,2025-01-24,61.0,,351914.1781788724,False,False,438446.8254094092,145049.59655031326,816463.3860284955
2025-04-22,843,2025,4,22,Tuesday,373220,LG에너지솔루션,,,,,True,0.7,2025-01-24,62.0,,352206.7350900956,False,False,439599.5760490882,142944.85876448208,827699.6457653085
2025-04-23,844,2025,4,23,Wednesday,373220,LG에너지솔루션,,,,,True,0.7,2025-01-24,63.0,,352502.07607917493,False,False,440752.1804606182,140870.72623815492,839090.1558123593
2025-04-24,845,2025,4,24,Thursday,373220,LG에너지솔루션,,,,,True,0.7,2025-01-24,64.0,,352800.147426541,False,False,441904.69716934126,138826.75173233557,850637.0361818048
2025-04-25,846,2025,4,25,Friday,373220,LG에너지솔루션,,,,,True,0.7,2025-01-24,65.0,,353100.8976219173,False,False,443057.1825000476,136812.49461873565,862342.4360077523
2025-04-28,847,2025,4,28,Monday,373220,LG에너지솔루션,,,,,True,0.7,2025-01-24,66.0,,353404.27724389004,False,False,444209.6906974213,134827.52077951087,874208.5339463808
2025-04-29,848,2025,4,29,Tuesday,373220,LG에너지솔루션,,,,,True,0.7,2025-01-24,67.0,,353710.23884774075,False,False,445362.2740382244,132871.40250860335,886237.538581557
2025-04-30,849,2025,4,30,Wednesday,373220,LG에너지솔루션,,,,,True,0.7,2025-01-24,68.0,,354018.73686085956,False,False,446514.9829358987,130943.71841466194,898431.6888360261
2025-05-01,850,2025,5,1,Thursday,373220,LG에너지솔루션,,,,,True,0.7,2025-01-24,69.0,,354329.7274851251,False,False,447667.866038202,129044.05332551216,910793.254388251
2025-05-02,851,2025,5,2,Friday,373220,LG에너지솔루션,,,,,True,0.7,2025-01-24,70.0,,354643.16860569414,False,False,448820.970318435,127171.99819414863,923324.5360949802
2025-05-05,852,2025,5,5,Monday,373220,LG에너지솔루션,,,,,True,0.7,2025-01-24,71.0,,354959.01970569504,False,False,449974.34116076306,125327.15000622318,936027.8664196188
2025-05-06,853,2025,5,6,Tuesday,373220,LG에너지솔루션,,,,,True,0.7,2025-01-24,72.0,,355277.2417863669,False,False,451128.0224400939,123509.11168900231,948905.6098664884
2025-05-07,854,2025,5,7,Wednesday,373220,LG에너지솔루션,,,,,True,0.7,2025-01-24,73.0,,355597.7972922264,False,False,452282.0565969261,121717.49202176848,961960.1634210504
2025-05-08,855,2025,5,8,Thursday,373220,LG에너지솔루션,,,,,True,0.7,2025-01-24,74.0,,355920.65004088246,False,False,453436.48470755114,119951.90554763962,975193.9569961794
2025-05-09,856,2025,5,9,Friday,373220,LG에너지솔루션,,,,,True,0.7,2025-01-24,75.0,,356245.7651571518,False,False,454591.34654995357,118211.97248678278,988609.4538845677
2025-05-12,857,2025,5,12,Monday,373220,LG에너지솔루션,,,,,True,0.7,2025-01-24,76.0,,356573.1090111591,False,False,455746.68066572724,116497.31865099717,1002209.1512173449
2025-05-13,858,2025,5,13,Tuesday,373220,LG에너지솔루션,,,,,True,0.7,2025-01-24,77.0,,356902.64916013146,False,False,456902.52441829693,114807.57535964338,1015995.5804289996
2025-05-14,859,2025,5,14,Wednesday,373220,LG에너지솔루션,,,,,True,0.7,2025-01-24,78.0,,357234.3542936231,False,False,458058.9140477098,113142.37935689525,1029971.3077286875
2025-05-15,860,2025,5,15,Thursday,373220,LG에너지솔루션,,,,,True,0.7,2025-01-24,79.0,,357568.1941819273,False,False,459215.88472224015,111501.37273029161,1044138.9345780162
2025-05-16,861,2025,5,16,Friday,373220,LG에너지솔루션,,,,,True,0.7,2025-01-24,80.0,,357904.13962745125,False,False,460373.4705870302,109884.20283056592,1058501.0981753932
2025-05-19,862,2025,5,19,Monday,373220,LG에너지솔루션,,,,,True,0.7,2025-01-24,81.0,,358242.16241885145,False,False,461531.7048099714,108290.52219273176,1073060.4719470288
2025-05-20,863,2025,5,20,Tuesday,373220,LG에너지솔루션,,,,,True,0.7,2025-01-24,82.0,,358582.23528773966,False,False,462690.6196250146,106719.9884584025,1087819.7660446854
2025-05-21,864,2025,5,21,Wednesday,373220,LG에너지솔루션,,,,,True,0.7,2025-01-24,83.0,,358924.33186778653,False,False,463850.2463730833,105172.26429932464,1102781.7278502646
2025-05-22,865,2025,5,22,Thursday,373220,LG에너지솔루션,,,,,True,0.7,2025-01-24,84.0,,359268.42665606376,False,False,465010.61554074707,103647.01734210379,1117949.1424873283
2025-05-23,866,2025,5,23,Friday,373220,LG에너지솔루션,,,,,True,0.7,2025-01-24,85.0,,359614.4949764769,False,False,466171.756796806,102143.92009410342,1133324.8333396446
2025-05-26,867,2025,5,26,Monday,373220,LG에너지솔루션,,,,,True,0.7,2025-01-24,86.0,,359962.5129451524,False,False,467333.6990269193,100662.6498704964,1148911.662576862
2025-05-27,868,2025,5,27,Tuesday,373220,LG에너지솔루션,,,,,True,0.7,2025-01-24,87.0,,360312.45743765525,False,False,468496.4703664052,99202.88872244977,1164712.5316874026
2025-05-28,869,2025,5,28,Wednesday,373220,LG에너지솔루션,,,,,True,0.7,2025-01-24,88.0,,360664.30605791794,False,False,469660.09823132725,97764.32336642426,1180730.3820186788
2025-05-29,870,2025,5,29,Thursday,373220,LG에너지솔루션,,,,,True,0.7,2025-01-24,89.0,,361018.03710877546,False,False,470824.609347977,96346.64511456911,1196968.1953247308
2025-05-30,871,2025,5,30,Friday,373220,LG에너지솔루션,,,,,True,0.7,2025-01-24,90.0,,361373.6295640058,False,False,471990.02978084923,94949.54980619457,1213428.994321388
2025-06-02,872,2025,6,2,Monday,373220,LG에너지솔루션,,,,,True,0.7,2025-01-24,91.0,,361731.0630417829,False,False,473156.38495920633,93572.73774030362,1230115.8432490593
2025-06-03,873,2025,6,3,Tuesday,373220,LG에너지솔루션,,,,,True,0.7,2025-01-24,92.0,,362090.31777945673,False,False,474323.6997023141,92215.9136091656,1247031.8484432541
2025-06-04,874,2025,6,4,Wednesday,373220,LG에너지솔루션,,,,,True,0.7,2025-01-24,93.0,,362451.3746095813,False,False,475491.9982434313,90878.78643291419,1264180.1589129413
2025-06-05,875,2025,6,5,Thursday,373220,LG에너지솔루션,,,,,True,0.7,2025-01-24,94.0,,362814.21493711416,False,False,476661.3042526259,89561.06949515303,1281563.966926856
2025-06-06,876,2025,6,6,Friday,373220,LG에너지솔루션,,,,,True,0.7,2025-01-24,95.0,,363178.8207177214,False,False,477831.6408584876,88262.48027955215,1299186.5086078602
2025-06-09,877,2025,6,9,Monday,373220,LG에너지솔루션,,,,,True,0.7,2025-01-24,96.0,,363545.17443712096,False,False,479003.03066880064,86982.74040741898,1317051.0645354695
2025-06-10,878,2025,6,10,Tuesday,373220,LG에너지솔루션,,,,,True,0.7,2025-01-24,97.0,,363913.25909140636,False,False,480175.4957902377,85721.57557622773,1335160.9603566583
2025-06-11,879,2025,6,11,Wednesday,373220,LG에너지솔루션,,,,,True,0.7,2025-01-24,98.0,,364283.0581682937,False,False,481349.05784712854,84478.7154990917,1353519.5674050562
2025-06-12,880,2025,6,12,Thursday,373220,LG에너지솔루션,,,,,True,0.7,2025-01-24,99.0,,364654.55562924047,False,False,482523.73799935926,83253.89384516275,1372130.3033286529
2025-06-13,881,2025,6,13,Friday,373220,LG에너지솔루션,,,,,True,0.7,2025-01-24,100.0,,365027.7358923867,False,False,483699.55695944704,82046.84818094302,1390996.6327261245
